{"crs":{"properties":{"name":"urn:ogc:def:crs:OGC:1.3:CRS84"},"type":"name"},"features":[{"geometry":{"coordinates":[[47.182097,39.853634],[47.191104,39.861082],[47.191154,39.861186],[47.196426,39.872038],[47.203454,39.873588],[47.233995,39.868937],[47.233995,39.85997],[47.233995,39.854054],[47.2434,39.847026],[47.257752,39.842003],[47.258903,39.8416],[47.306445,39.822067],[47.319726,39.81354],[47.31135,39.795063],[47.3112,39.79473],[47.301071,39.778348],[47.293216,39.772922],[47.276886,39.767445],[47.258903,39.765119],[47.233995,39.755714]],"type":"LineString"},"id":"1746705365","properties":{"FCLASS_AR":"Unrecognized","FCLASS_BD":"Unrecognized","FCLASS_BR":"Unrecognized","FCLASS_CN":"Unrecognized","FCLASS_DE":"Unrecognized","FCLASS_EG":"Unrecognized","FCLASS_ES":"Unrecognized","FCLASS_FR":"Unrecognized","FCLASS_GB":"Unrecognized","FCLASS_GR":"Unrecognized","FCLASS_ID":"Unrecognized","FCLASS_IL":"Unrecognized","FCLASS_IN":"Unrecognized","FCLASS_ISO":"Unrecognized","FCLASS_IT":"Unrecognized","FCLASS_JP":"Unrecognized","FCLASS_KO":"Unrecognized","FCLASS_MA":"Unrecognized","FCLASS_NL":"Unrecognized","FCLASS_NP":"Unrecognized","FCLASS_OSM":"Unrecognized","FCLASS_PK":"Unrecognized","FCLASS_PL":"Unrecognized","FCLASS_PS":"Unrecognized","FCLASS_PT":"Unrecognized","FCLASS_RU":"Unrecognized","FCLASS_SA":"Unrecognized","FCLASS_SE":"Unrecognized","FCLASS_TLC":null,"FCLASS_TR":"Unrecognized","FCLASS_TW":"Unrecognized","FCLASS_UA":"Unrecognized","FCLASS_US":"Unrecognized","FCLASS_VN":"Unrecognized","adm0_a3_left":"AZE","adm0_a3_right":"AZE","fclass_ru":"Unrecognized","feature_class":"Reference line","feature_id":"1746705365","name":"Former USSR oblast in 1991","ne_id":"1746705365","note":"Nagorno-Karabakh Autonomous Oblast, circa 1991"},"type":"Feature"},{"geometry":{"coordinates":[[46.728813,40.412837],[46.739968,40.412728],[46.752474,40.415932],[46.761982,40.415157],[46.786787,40.419808],[46.796864,40.418258],[46.808549,40.408965],[46.816553,40.4026],[46.832883,40.383841],[46.843011,40.37919],[46.855517,40.379965],[46.882182,40.38782],[46.892155,40.384616],[46.899907,40.37764],[46.906315,40.358933],[46.906935,40.350303],[46.922593,40.340174],[46.936545,40.339399],[46.947501,40.334748],[46.94285,40.324568],[46.910914,40.315215],[46.903886,40.310512],[46.905385,40.305086]],"type":"LineString"},"id":"1746705369","properties":{"FCLASS_AR":"Unrecognized","FCLASS_BD":"Unrecognized","FCLASS_BR":"Unrecognized","FCLASS_CN":"Unrecognized","FCLASS_DE":"Unrecognized","FCLASS_EG":"Unrecognized","FCLASS_ES":"Unrecognized","FCLASS_FR":"Unrecognized","FCLASS_GB":"Unrecognized","FCLASS_GR":"Unrecognized","FCLASS_ID":"Unrecognized","FCLASS_IL":"Unrecognized","FCLASS_IN":"Unrecognized","FCLASS_ISO":"Unrecognized","FCLASS_IT":"Unrecognized","FCLASS_JP":"Unrecognized","FCLASS_KO":"Unrecognized","FCLASS_MA":"Unrecognized","FCLASS_NL":"Unrecognized","FCLASS_NP":"Unrecognized","FCLASS_OSM":"Unrecognized","FCLASS_PK":"Unrecognized","FCLASS_PL":"Unrecognized","FCLASS_PS":"Unrecognized","FCLASS_PT":"Unrecognized","FCLASS_RU":"Unrecognized","FCLASS_SA":"Unrecognized","FCLASS_SE":"Unrecognized","FCLASS_TLC":null,"FCLASS_TR":"Unrecognized","FCLASS_TW":"Unrecognized","FCLASS_UA":"Unrecognized","FCLASS_US":"Unrecognized","FCLASS_VN":"Unrecognized","adm0_a3_left":"AZE","adm0_a3_right":"AZE","fclass_ru":"Unrecognized","feature_class":"Reference line","feature_id":"1746705369","name":"Former USSR oblast in 1991","ne_id":"1746705369","note":"Nagorno-Karabakh Autonomous Oblast, circa 1991"},"type":"Feature"},{"geometry":{"coordinates":[[41.551195,42.406457],[41.55622,42.408222],[41.580012,42.416735],[41.591291,42.42077],[41.629222,42.438418],[41.651269,42.458836],[41.664878,42.471439],[41.717358,42.485087],[41.722569,42.486442],[41.803681,42.522211],[41.883653,42.580039],[41.886688,42.582234],[41.899489,42.597116],[41.920367,42.609725],[41.93835,42.617993],[41.947135,42.635847],[41.944139,42.655088],[41.940417,42.678997],[41.912202,42.714628],[41.908171,42.739019],[41.908794,42.757405],[41.909515,42.764858],[41.898869,42.810876],[41.891531,42.820074],[41.892255,42.830848],[41.903003,42.839349],[41.915509,42.845189],[41.930909,42.86064],[41.925844,42.882267],[41.918172,42.898413],[41.91776,42.899984],[41.910651,42.92707],[41.902177,42.947921],[41.884503,42.964639],[41.900219,42.979783],[41.907964,42.987247],[41.945637,42.992865],[42.005116,43.000476],[42.057309,43.016884],[42.076326,43.039699],[42.099477,43.059],[42.119424,43.08321],[42.129181,43.103394],[42.13348,43.111426],[42.132963,43.139202],[42.129346,43.167856],[42.140302,43.19385],[42.154334,43.217498]],"type":"LineString"},"id":"1746705383","properties":{"FCLASS_AR":"Unrecognized","FCLASS_BD":"Unrecognized","FCLASS_BR":"Unrecognized","FCLASS_CN":"Unrecognized","FCLASS_DE":"Unrecognized","FCLASS_EG":"Unrecognized","FCLASS_ES":null,"FCLASS_FR":null,"FCLASS_GB":null,"FCLASS_GR":"Unrecognized","FCLASS_ID":"Unrecognized","FCLASS_IL":"Unrecognized","FCLASS_IN":"Unrecognized","FCLASS_ISO":"Unrecognized","FCLASS_IT":null,"FCLASS_JP":"Unrecognized","FCLASS_KO":"Unrecognized","FCLASS_MA":"Unrecognized","FCLASS_NL":null,"FCLASS_NP":"Unrecognized","FCLASS_OSM":"Unrecognized","FCLASS_PK":"Unrecognized","FCLASS_PL":"Unrecognized","FCLASS_PS":"Unrecognized","FCLASS_PT":null,"FCLASS_RU":"International boundary (verify)","FCLASS_SA":"Unrecognized","FCLASS_SE":null,"FCLASS_TLC":null,"FCLASS_TR":"Unrecognized","FCLASS_TW":"Unrecognized","FCLASS_UA":"Unrecognized","FCLASS_US":null,"FCLASS_VN":"Unrecognized","adm0_a3_left":"GEO","adm0_a3_right":"GEO","fclass_ru":"International boundary (verify)","feature_class":"Breakaway","feature_id":"1746705383","name":"Georgian claim","ne_id":"1746705383","note":"(Self admin., Claimed by Georgia)"},"type":"Feature"},{"geometry":{"coordinates":[[[43.782526,42.753213],[43.782526,42.75318],[43.782629,42.745221],[43.774051,42.71481],[43.754517,42.68985],[43.708525,42.68985],[43.68894,42.654633],[43.634421,42.644582],[43.599178,42.604765],[43.559387,42.584404],[43.564038,42.554768],[43.583675,42.529731],[43.583675,42.500146],[43.564038,42.4494],[43.568741,42.419789],[43.566457,42.400449],[43.564038,42.379972],[43.599178,42.355039],[43.57427,42.330053],[43.583675,42.309744],[43.653852,42.289461],[43.636216,42.268583],[43.62884,42.259851],[43.612563,42.245797],[43.594424,42.230137],[43.588946,42.209931],[43.599178,42.189571],[43.599178,42.170114],[43.603048,42.166096],[43.618712,42.149831],[43.618712,42.124872],[43.659329,42.099886],[43.693643,42.080275]],[[44.263324,42.579779],[44.244462,42.604765],[44.224101,42.628174],[44.211351,42.639634]],[[44.409258,42.429944],[44.38342,42.440124],[44.354584,42.454903],[44.378769,42.46976],[44.394323,42.47994],[44.373963,42.500146],[44.363989,42.525106],[44.333397,42.539911],[44.314793,42.56022],[44.299187,42.584404]],[[44.299187,42.584404],[44.278827,42.584404],[44.263324,42.579779]],[[44.573899,42.349535],[44.544133,42.36987],[44.514574,42.374572],[44.483982,42.394778],[44.4537,42.434594],[44.434114,42.440124]],[[44.434114,42.440124],[44.409258,42.429944]],[[44.463828,41.989867],[44.497,41.996505],[44.514574,42.000021],[44.538656,42.020304],[44.554365,42.039761],[44.583201,42.069449],[44.598807,42.094408],[44.58935,42.114691],[44.608936,42.129523],[44.643972,42.139703],[44.639321,42.174765],[44.648726,42.194299],[44.643972,42.205254],[44.643972,42.224736],[44.619064,42.264553],[44.598807,42.280082],[44.604181,42.294939],[44.619064,42.309744],[44.629296,42.330053],[44.594156,42.349535]],[[44.594156,42.349535],[44.573899,42.349535]],[[44.058788,42.189571],[44.093928,42.170114],[44.114185,42.145103],[44.13837,42.099886],[44.149325,42.080275],[44.159557,42.064695],[44.159557,42.054643]],[[43.949648,42.145103],[43.97931,42.145103],[44.039358,42.180269],[44.058788,42.189571]],[[43.914508,42.154482],[43.949648,42.145103]],[[43.898901,42.099886],[43.919107,42.145103],[43.914508,42.154482]],[[43.708525,42.114691],[43.784231,42.110015],[43.784231,42.080275],[43.809088,42.054643]],[[43.693643,42.080275],[43.708525,42.089706],[43.708525,42.114691]],[[43.854356,42.105338],[43.898901,42.099886]],[[43.809088,42.054643],[43.828725,42.054643],[43.863761,42.080275],[43.854356,42.105338]],[[44.203947,42.099886],[44.253918,42.074875],[44.266088,42.068935],[44.284253,42.060069],[44.293709,42.049915],[44.293709,42.024878],[44.293709,42.010124],[44.307973,42.006493],[44.333397,42.000021],[44.363989,41.989867]],[[44.159557,42.054643],[44.178988,42.064695],[44.18369,42.089706],[44.203947,42.099886]],[[44.444294,42.010124],[44.463828,41.989867]],[[44.363989,41.989867],[44.399026,41.994518],[44.424037,42.010124],[44.444294,42.010124]]],"type":"MultiLineString"},"id":"1746705385","properties":{"FCLASS_AR":"Unrecognized","FCLASS_BD":"Unrecognized","FCLASS_BR":"Unrecognized","FCLASS_CN":"Unrecognized","FCLASS_DE":"Unrecognized","FCLASS_EG":"Unrecognized","FCLASS_ES":null,"FCLASS_FR":null,"FCLASS_GB":null,"FCLASS_GR":"Unrecognized","FCLASS_ID":"Unrecognized","FCLASS_IL":"Unrecognized","FCLASS_IN":"Unrecognized","FCLASS_ISO":"Unrecognized","FCLASS_IT":null,"FCLASS_JP":"Unrecognized","FCLASS_KO":"Unrecognized","FCLASS_MA":"Unrecognized","FCLASS_NL":null,"FCLASS_NP":"Unrecognized","FCLASS_OSM":"Admin-1 boundary","FCLASS_PK":"Unrecognized","FCLASS_PL":"Unrecognized","FCLASS_PS":"Unrecognized","FCLASS_PT":null,"FCLASS_RU":"International boundary (verify)","FCLASS_SA":"Unrecognized","FCLASS_SE":null,"FCLASS_TLC":null,"FCLASS_TR":"Unrecognized","FCLASS_TW":"Unrecognized","FCLASS_UA":"Unrecognized","FCLASS_US":null,"FCLASS_VN":"Unrecognized","adm0_a3_left":"GEO","adm0_a3_right":"GEO","fclass_ru":"International boundary (verify)","feature_class":"Breakaway","feature_id":"1746705385","name":"Georgian claim","ne_id":"1746705385","note":"(Self admin., Claimed by Georgia)"},"type":"Feature"},{"geometry":{"coordinates":[[[78.848654,31.290908],[78.860989,31.280195],[78.897644,31.230085],[78.926272,31.189622],[78.934747,31.148642],[78.946955,31.120134],[78.952317,31.107611],[79.031796,31.089783]],[[79.145794,31.104459],[79.238088,31.074694]],[[79.031796,31.089783],[79.145794,31.104459]],[[79.238088,31.074694],[79.382168,31.078324],[79.382593,31.078335]]],"type":"MultiLineString"},"id":"1746705401","properties":{"FCLASS_AR":null,"FCLASS_BD":null,"FCLASS_BR":null,"FCLASS_CN":"International boundary (verify)","FCLASS_DE":null,"FCLASS_EG":null,"FCLASS_ES":null,"FCLASS_FR":null,"FCLASS_GB":null,"FCLASS_GR":null,"FCLASS_ID":null,"FCLASS_IL":null,"FCLASS_IN":"Unrecognized","FCLASS_ISO":null,"FCLASS_IT":null,"FCLASS_JP":null,"FCLASS_KO":null,"FCLASS_MA":null,"FCLASS_NL":null,"FCLASS_NP":null,"FCLASS_OSM":"Unrecognized","FCLASS_PK":"Unrecognized","FCLASS_PL":null,"FCLASS_PS":null,"FCLASS_PT":null,"FCLASS_RU":"International boundary (verify)","FCLASS_SA":null,"FCLASS_SE":null,"FCLASS_TLC":null,"FCLASS_TR":"Unrecognized","FCLASS_TW":"International boundary (verify)","FCLASS_UA":null,"FCLASS_US":null,"FCLASS_VN":null,"adm0_a3_left":"IND","adm0_a3_right":"IND","fclass_ru":"International boundary (verify)","feature_class":"Claim boundary","feature_id":"1746705401","name":"Chinese claim","ne_id":"1746705401","note":"(Admin. by India, Claimed by China)"},"type":"Feature"},{"geometry":{"coordinates":[[79.91937,30.881182],[79.943471,30.831039],[80.001039,30.799568],[80.010237,30.759416],[80.009204,30.689652],[80.07659,30.678335],[80.124235,30.636787],[80.152968,30.596325],[80.179839,30.559479]],"type":"LineString"},"id":"1746705405","properties":{"FCLASS_AR":null,"FCLASS_BD":null,"FCLASS_BR":null,"FCLASS_CN":"International boundary (verify)","FCLASS_DE":null,"FCLASS_EG":null,"FCLASS_ES":null,"FCLASS_FR":null,"FCLASS_GB":null,"FCLASS_GR":null,"FCLASS_ID":null,"FCLASS_IL":null,"FCLASS_IN":"Unrecognized","FCLASS_ISO":null,"FCLASS_IT":null,"FCLASS_JP":null,"FCLASS_KO":null,"FCLASS_MA":null,"FCLASS_NL":null,"FCLASS_NP":null,"FCLASS_OSM":"Unrecognized","FCLASS_PK":"Unrecognized","FCLASS_PL":null,"FCLASS_PS":null,"FCLASS_PT":null,"FCLASS_RU":"International boundary (verify)","FCLASS_SA":null,"FCLASS_SE":null,"FCLASS_TLC":null,"FCLASS_TR":"Unrecognized","FCLASS_TW":"International boundary (verify)","FCLASS_UA":null,"FCLASS_US":null,"FCLASS_VN":null,"adm0_a3_left":"IND","adm0_a3_right":"IND","fclass_ru":"International boundary (verify)","feature_class":"Claim boundary","feature_id":"1746705405","name":"Chinese claim","ne_id":"1746705405","note":"(Admin. by India, Claimed by China)"},"type":"Feature"},{"geometry":{"coordinates":[[[78.469017,32.226533],[78.38181,32.182455],[78.441651,32.122692]],[[78.471416,32.140933],[78.533532,32.059905],[78.604948,32.009365],[78.681843,31.950867],[78.714192,31.883016]],[[78.441651,32.122692],[78.471416,32.140933]]],"type":"MultiLineString"},"id":"1746705409","properties":{"FCLASS_AR":null,"FCLASS_BD":null,"FCLASS_BR":null,"FCLASS_CN":"International boundary (verify)","FCLASS_DE":null,"FCLASS_EG":null,"FCLASS_ES":null,"FCLASS_FR":null,"FCLASS_GB":null,"FCLASS_GR":null,"FCLASS_ID":null,"FCLASS_IL":null,"FCLASS_IN":"Unrecognized","FCLASS_ISO":null,"FCLASS_IT":null,"FCLASS_JP":null,"FCLASS_KO":null,"FCLASS_MA":null,"FCLASS_NL":null,"FCLASS_NP":null,"FCLASS_OSM":"Unrecognized","FCLASS_PK":"Unrecognized","FCLASS_PL":null,"FCLASS_PS":null,"FCLASS_PT":null,"FCLASS_RU":"International boundary (verify)","FCLASS_SA":null,"FCLASS_SE":null,"FCLASS_TLC":null,"FCLASS_TR":"Unrecognized","FCLASS_TW":"International boundary (verify)","FCLASS_UA":null,"FCLASS_US":null,"FCLASS_VN":null,"adm0_a3_left":"IND","adm0_a3_right":"IND","fclass_ru":"International boundary (verify)","feature_class":"Claim boundary","feature_id":"1746705409","name":"Chinese claim","ne_id":"1746705409","note":"(Admin. by India, Claimed by China)"},"type":"Feature"},{"geometry":{"coordinates":[[[75.981083,36.445444],[76.149284,36.424548],[76.238995,36.319903]],[[76.318576,36.330083],[76.388856,36.309774],[76.428647,36.239546],[76.469265,36.220013],[76.568277,36.190402]],[[76.238995,36.319903],[76.318576,36.330083]],[[76.668943,36.190402],[76.718759,36.159913],[76.758653,36.110045],[76.77891,36.039817],[76.77891,35.979665],[76.77891,35.910264],[76.839061,35.859518],[76.939004,35.840036],[77.00856,35.819727],[77.068608,35.779936],[77.089589,35.740197],[77.129483,35.730068],[77.208961,35.709656]],[[76.568277,36.190402],[76.668943,36.190402]],[[77.348591,35.719785],[77.421351,35.640151]],[[77.208961,35.709656],[77.308903,35.719785],[77.348591,35.719785]],[[77.468894,35.651882],[77.508685,35.580155],[77.518813,35.484915],[77.519608,35.477439]],[[77.421351,35.640151],[77.468894,35.651882]]],"type":"MultiLineString"},"id":"1746705415","properties":{"FCLASS_AR":null,"FCLASS_BD":null,"FCLASS_BR":null,"FCLASS_CN":"Unrecognized","FCLASS_DE":null,"FCLASS_EG":null,"FCLASS_ES":null,"FCLASS_FR":null,"FCLASS_GB":null,"FCLASS_GR":null,"FCLASS_ID":null,"FCLASS_IL":null,"FCLASS_IN":"International boundary (verify)","FCLASS_ISO":null,"FCLASS_IT":null,"FCLASS_JP":null,"FCLASS_KO":null,"FCLASS_MA":null,"FCLASS_NL":null,"FCLASS_NP":"Disputed (please verify)","FCLASS_OSM":"Unrecognized","FCLASS_PK":"Unrecognized","FCLASS_PL":null,"FCLASS_PS":null,"FCLASS_PT":null,"FCLASS_RU":"Unrecognized","FCLASS_SA":null,"FCLASS_SE":null,"FCLASS_TLC":null,"FCLASS_TR":"Unrecognized","FCLASS_TW":"Unrecognized","FCLASS_UA":null,"FCLASS_US":null,"FCLASS_VN":null,"adm0_a3_left":"CHN","adm0_a3_right":"CHN","fclass_ru":"Unrecognized","feature_class":"Claim boundary","feature_id":"1746705415","name":"Indian claim","ne_id":"1746705415","note":"(Admin. by China, Ceded to China by Pakistan, Claimed by India)"},"type":"Feature"},{"geometry":{"coordinates":[[78.917694,33.386258],[78.912526,33.402303],[78.907566,33.423542],[78.906015,33.447985],[78.909839,33.494236],[78.909839,33.494262],[78.904052,33.521598],[78.886895,33.566893],[78.885241,33.591775],[78.89599,33.620094],[78.917384,33.6334],[78.945393,33.634124],[78.976192,33.624977],[79.002547,33.619344],[79.012779,33.633685],[79.011332,33.657998],[78.996139,33.705463],[78.995209,33.729674],[78.991281,33.75192],[78.976192,33.76949],[78.945393,33.799824],[78.928753,33.834163],[78.91604,33.870699],[78.89754,33.907466],[78.887515,33.946456],[78.902811,33.983172],[78.935057,34.00715],[79.03934,34.001957],[79.062388,33.99529],[79.070656,33.995497],[79.080992,34.000096],[79.093911,34.014437],[79.101662,34.019992],[79.132255,34.026477],[79.375961,34.011413],[79.40552,34.021904],[79.448514,34.067508],[79.47642,34.088928],[79.495023,34.10593],[79.497814,34.120192],[79.487272,34.156728],[79.488202,34.181894],[79.49802,34.186416],[79.513937,34.182979],[79.53285,34.184168],[79.551557,34.209567],[79.548353,34.25065],[79.524686,34.351522],[79.509493,34.392165],[79.510319,34.412164],[79.523032,34.426091],[79.543599,34.428675],[79.622871,34.411983],[79.669586,34.407436],[79.710588,34.414933],[79.712684,34.415316],[79.738006,34.44472],[79.736766,34.463324],[79.7255,34.475623],[79.711444,34.486449],[79.701729,34.500298],[79.702142,34.520349],[79.713615,34.534844],[79.731495,34.545076],[79.751442,34.551949],[79.794436,34.558822],[79.81335,34.565385],[79.830713,34.580836],[79.839292,34.60006],[79.844563,34.623159],[79.852107,34.64445],[79.866783,34.658041],[79.907298,34.661865],[79.937725,34.656924],[79.995768,34.647499],[80.035249,34.657472],[80.049718,34.67313],[80.066358,34.737416],[80.085582,34.776586],[80.073872,34.792275],[80.077907,34.837333],[80.116557,34.883931],[80.162606,34.950875],[80.173845,35.071917],[80.18325,35.103181],[80.187958,35.150638],[80.202574,35.19085],[80.241832,35.223158],[80.261281,35.26989],[80.255494,35.312678],[80.277714,35.345234],[80.284045,35.395973],[80.284419,35.445521],[80.309434,35.462806],[80.326316,35.466782],[80.327118,35.476874],[80.319211,35.509254],[80.315531,35.53188],[80.312246,35.548964],[80.30597,35.572721],[80.291504,35.607418],[80.243571,35.638661],[80.177905,35.66695],[80.111073,35.680006],[80.088493,35.724689],[80.058235,35.749937],[80.038239,35.799762],[80.00452,35.838928],[79.960285,35.838863],[79.918553,35.82225],[79.875561,35.78496],[79.796442,35.797246],[79.737537,35.802009],[79.716357,35.817181],[79.623335,35.845651],[79.567577,35.858743],[79.545666,35.864634],[79.488646,35.878829],[79.460819,35.885767],[79.428257,35.908507],[79.423916,35.939823],[79.400249,35.961992],[79.363662,35.97517],[79.323664,35.980027],[79.290075,35.977288],[79.183621,35.941322],[79.19405,35.886924],[79.132534,35.836217],[79.028084,35.85237],[78.97143,35.887434],[78.825264,35.865212],[78.776748,35.866651],[78.736543,35.868057],[78.66479,35.852541],[78.652284,35.840914],[78.545314,35.781125],[78.508934,35.767895],[78.435243,35.760971],[78.400206,35.745416],[78.36672,35.725159],[78.329926,35.709243],[78.292616,35.701233],[78.275769,35.694722],[78.26099,35.682784],[78.241043,35.656791],[78.229364,35.647489],[78.185542,35.635965],[78.161875,35.623615],[78.142341,35.605786],[78.128802,35.582997],[78.114849,35.54455],[78.10162,35.538297],[78.073301,35.540209],[77.984521,35.563257],[77.954755,35.561706],[77.941216,35.54672],[77.932018,35.522691],[77.915171,35.494165],[77.88985,35.481763],[77.860291,35.484088],[77.829492,35.491788],[77.800346,35.495406]],"type":"LineString"},"id":"1746705439","properties":{"FCLASS_AR":null,"FCLASS_BD":null,"FCLASS_BR":null,"FCLASS_CN":"Unrecognized","FCLASS_DE":null,"FCLASS_EG":null,"FCLASS_ES":null,"FCLASS_FR":null,"FCLASS_GB":null,"FCLASS_GR":null,"FCLASS_ID":null,"FCLASS_IL":null,"FCLASS_IN":"International boundary (verify)","FCLASS_ISO":null,"FCLASS_IT":null,"FCLASS_JP":null,"FCLASS_KO":null,"FCLASS_MA":null,"FCLASS_NL":null,"FCLASS_NP":null,"FCLASS_OSM":"Unrecognized","FCLASS_PK":"Unrecognized","FCLASS_PL":null,"FCLASS_PS":null,"FCLASS_PT":null,"FCLASS_RU":"Unrecognized","FCLASS_SA":null,"FCLASS_SE":null,"FCLASS_TLC":null,"FCLASS_TR":"Unrecognized","FCLASS_TW":"Unrecognized","FCLASS_UA":null,"FCLASS_US":null,"FCLASS_VN":null,"adm0_a3_left":"CHN","adm0_a3_right":"CHN","fclass_ru":"Unrecognized","feature_class":"Claim boundary","feature_id":"1746705439","name":"Indian claim","ne_id":"1746705439","note":"(Admin. by China, Claimed by India)"},"type":"Feature"},{"geometry":{"coordinates":[[35.603852,33.240091],[35.607986,33.239161],[35.61212,33.239626],[35.616048,33.241383],[35.619665,33.244251],[35.627313,33.247171],[35.634548,33.248695],[35.641989,33.248437],[35.64969,33.245993],[35.666178,33.246903],[35.660163,33.236004],[35.661296,33.212897],[35.666178,33.180228],[35.672192,33.150019],[35.656153,33.124837],[35.636856,33.077181],[35.63435,33.051977],[35.621318,33.050297],[35.587736,33.017942],[35.619815,32.983893],[35.614802,32.921226],[35.602272,32.908603],[35.614084,32.895564],[35.630621,32.88249],[35.637929,32.874932],[35.638165,32.874687],[35.641369,32.864817],[35.640129,32.849831],[35.637959,32.840426],[35.637545,32.832131],[35.641369,32.820478],[35.635375,32.793658],[35.635892,32.781824],[35.641369,32.772058],[35.635375,32.769448],[35.634341,32.765365],[35.634961,32.759629],[35.634445,32.752214],[35.599718,32.717436],[35.595004,32.707445],[35.607033,32.693948],[35.611758,32.6819],[35.612224,32.681546]],"type":"LineString"},"id":"1746705443","properties":{"FCLASS_AR":"International boundary (verify)","FCLASS_BD":"International boundary (verify)","FCLASS_BR":"International boundary (verify)","FCLASS_CN":"International boundary (verify)","FCLASS_DE":"International boundary (verify)","FCLASS_EG":"International boundary (verify)","FCLASS_ES":"International boundary (verify)","FCLASS_FR":"International boundary (verify)","FCLASS_GB":"International boundary (verify)","FCLASS_GR":"International boundary (verify)","FCLASS_ID":"International boundary (verify)","FCLASS_IL":"Unrecognized","FCLASS_IN":"International boundary (verify)","FCLASS_ISO":null,"FCLASS_IT":"International boundary (verify)","FCLASS_JP":"International boundary (verify)","FCLASS_KO":"International boundary (verify)","FCLASS_MA":"International boundary (verify)","FCLASS_NL":"International boundary (verify)","FCLASS_NP":"International boundary (verify)","FCLASS_OSM":"Unrecognized","FCLASS_PK":"International boundary (verify)","FCLASS_PL":"International boundary (verify)","FCLASS_PS":"International boundary (verify)","FCLASS_PT":"International boundary (verify)","FCLASS_RU":"International boundary (verify)","FCLASS_SA":"International boundary (verify)","FCLASS_SE":"International boundary (verify)","FCLASS_TLC":null,"FCLASS_TR":"International boundary (verify)","FCLASS_TW":"International boundary (verify)","FCLASS_UA":"International boundary (verify)","FCLASS_US":"Claim boundary","FCLASS_VN":"International boundary (verify)","adm0_a3_left":"ISR","adm0_a3_right":"ISR","fclass_ru":"International boundary (verify)","feature_class":"Claim boundary","feature_id":"1746705443","name":"Syrian claim","ne_id":"1746705443","note":"(Admin. By Israel, Claimed by Syria)"},"type":"Feature"},{"geometry":{"coordinates":[[[76.542439,33.232856],[76.558562,33.23146],[76.611893,33.193917],[76.625949,33.189292]],[[75.943613,32.898121],[75.954672,32.901377],[75.972448,32.911041],[76.05141,32.969461],[76.075491,32.993284],[76.081692,33.000803],[76.100813,33.01305],[76.152799,33.032299],[76.194657,33.043281],[76.215948,33.051084],[76.237032,33.063486],[76.261733,33.086456],[76.270828,33.103535],[76.274239,33.116609],[76.274755,33.12679],[76.28106,33.136453],[76.294289,33.147899],[76.353304,33.180094],[76.396712,33.197716],[76.512157,33.217223],[76.542439,33.232856]],[[76.739843,33.197406],[76.754519,33.194563],[76.768679,33.186812],[76.82945,33.125549],[76.848364,33.114801],[76.903038,33.07377],[76.927532,33.045864],[76.940141,33.034289],[76.956058,33.02509],[76.999879,33.007236],[77.088453,32.950211],[77.135788,32.92675],[77.219917,32.901997],[77.348695,32.867245],[77.371329,32.867038]],[[76.625949,33.189292],[76.739843,33.197406]],[[77.71229,33.014523],[77.721075,33.012636],[77.732548,33.001578],[77.742159,32.986953],[77.765207,32.962562],[77.823808,32.910343],[77.857915,32.873007],[77.893468,32.802959],[77.910521,32.790738],[77.922717,32.775183],[77.928918,32.762445],[77.932329,32.710872],[77.93853,32.695343],[77.949382,32.682708],[77.973877,32.660358],[77.983178,32.648059],[77.988346,32.633771],[77.994651,32.620361],[78.008913,32.61031]],[[77.371329,32.867038],[77.377737,32.872206],[77.384972,32.88404],[77.389003,32.887683],[77.393964,32.889931],[77.443986,32.894478],[77.477679,32.901248],[77.497833,32.909258],[77.538968,32.918353],[77.55354,32.923417],[77.566873,32.929877],[77.581032,32.939049],[77.607491,32.962407],[77.615759,32.968298],[77.624854,32.971476],[77.643354,32.97605],[77.652036,32.980468],[77.659994,32.986488],[77.67343,32.999407],[77.675187,33.000415],[77.69441,33.008089],[77.703299,33.013257],[77.71229,33.014523]],[[75.846048,32.942227],[75.858554,32.94215],[75.869612,32.940005],[75.893797,32.930807],[75.903099,32.928921],[75.911677,32.925898],[75.919842,32.920265],[75.935965,32.903237],[75.943613,32.898121]],[[75.847391,32.516749],[75.85504,32.526284],[75.867132,32.547471],[75.865892,32.560571],[75.895554,32.596848],[75.912917,32.610542],[75.920462,32.61447],[75.922632,32.617338],[75.925733,32.630567],[75.926043,32.641186],[75.924699,32.651961],[75.904856,32.691312],[75.901445,32.702862],[75.903409,32.736374],[75.913227,32.755675],[75.9124,32.761902],[75.9093,32.772703],[75.903305,32.781617],[75.886665,32.79973],[75.880878,32.80885],[75.876537,32.81761],[75.869612,32.827402],[75.858554,32.839546],[75.82424,32.870449],[75.811735,32.884298],[75.804913,32.898612],[75.803363,32.911997],[75.806877,32.923675],[75.814629,32.931789],[75.826411,32.938067],[75.846048,32.942227]],[[78.353285,32.76862],[78.360416,32.767613],[78.366617,32.76521],[78.370338,32.761127],[78.373439,32.75397],[78.38088,32.729295],[78.383361,32.714438],[78.384291,32.699374],[78.38057,32.669195],[78.37778,32.657335],[78.374679,32.648783],[78.368374,32.639817],[78.358556,32.631678],[78.332924,32.617906],[78.313391,32.605039],[78.304089,32.59615],[78.299438,32.588657],[78.292927,32.575402],[78.286519,32.545094],[78.281868,32.532381],[78.274013,32.518868],[78.270396,32.504166],[78.274013,32.491144],[78.282178,32.480653],[78.29365,32.473289],[78.302952,32.470654]],[[78.227918,32.690175],[78.243731,32.69294],[78.253859,32.697901],[78.268742,32.715704],[78.279388,32.721491],[78.305123,32.729475],[78.314321,32.735444],[78.317628,32.743609],[78.315458,32.760507],[78.317732,32.764667],[78.325173,32.766734],[78.333855,32.767845],[78.353285,32.76862]],[[78.208074,32.692165],[78.227918,32.690175]],[[78.008913,32.61031],[78.043226,32.611395],[78.059039,32.618345],[78.069891,32.63036],[78.077023,32.640463],[78.084051,32.645139],[78.093042,32.648989],[78.09883,32.653769],[78.104101,32.661857],[78.114643,32.667722],[78.131696,32.671494],[78.154537,32.674052],[78.178515,32.688754],[78.191538,32.69201],[78.208074,32.692165]],[[78.302952,32.470654],[78.313391,32.471739],[78.358866,32.515587],[78.380983,32.528041]]],"type":"MultiLineString"},"id":"1746705451","properties":{"FCLASS_AR":null,"FCLASS_BD":null,"FCLASS_BR":null,"FCLASS_CN":"Unrecognized","FCLASS_DE":null,"FCLASS_EG":null,"FCLASS_ES":"Unrecognized","FCLASS_FR":null,"FCLASS_GB":null,"FCLASS_GR":null,"FCLASS_ID":null,"FCLASS_IL":null,"FCLASS_IN":"Unrecognized","FCLASS_ISO":null,"FCLASS_IT":null,"FCLASS_JP":null,"FCLASS_KO":null,"FCLASS_MA":null,"FCLASS_NL":null,"FCLASS_NP":null,"FCLASS_OSM":"Unrecognized","FCLASS_PK":"International boundary (verify)","FCLASS_PL":null,"FCLASS_PS":null,"FCLASS_PT":null,"FCLASS_RU":"Admin-1 boundary","FCLASS_SA":null,"FCLASS_SE":null,"FCLASS_TLC":null,"FCLASS_TR":"International boundary (verify)","FCLASS_TW":"Unrecognized","FCLASS_UA":"Unrecognized","FCLASS_US":null,"FCLASS_VN":null,"adm0_a3_left":"IND","adm0_a3_right":"IND","fclass_ru":"Admin-1 boundary","feature_class":"Claim boundary","feature_id":"1746705451","name":"Pakistani claim","ne_id":"1746705451","note":"(Admin. by India, Claimed by Pakistan)"},"type":"Feature"},{"geometry":{"coordinates":[[[75.847391,32.516749],[75.839123,32.506569],[75.828581,32.497887],[75.818039,32.494787],[75.797679,32.481118],[75.743005,32.464375],[75.736804,32.4559],[75.732566,32.437168],[75.729362,32.429623],[75.723161,32.424223],[75.705695,32.412802],[75.698253,32.406033],[75.682647,32.399806],[75.611954,32.395465],[75.5733,32.374639],[75.537953,32.345184],[75.5024,32.300587]],[[75.5024,32.300587],[75.480695,32.30746],[75.474184,32.312137],[75.464779,32.317743],[75.451447,32.324022],[75.444729,32.330301],[75.442041,32.336192],[75.444419,32.353193],[75.441938,32.359756],[75.43677,32.360221]],[[75.43677,32.360221],[75.422714,32.353994],[75.414136,32.34601],[75.390365,32.335494]],[[75.390365,32.335494],[75.327113,32.339964]],[[75.327113,32.339964],[75.298403,32.332427]]],"type":"MultiLineString"},"id":"1746705457","properties":{"FCLASS_AR":null,"FCLASS_BD":null,"FCLASS_BR":null,"FCLASS_CN":null,"FCLASS_DE":null,"FCLASS_EG":null,"FCLASS_ES":null,"FCLASS_FR":null,"FCLASS_GB":null,"FCLASS_GR":null,"FCLASS_ID":null,"FCLASS_IL":null,"FCLASS_IN":"Unrecognized","FCLASS_ISO":null,"FCLASS_IT":null,"FCLASS_JP":null,"FCLASS_KO":null,"FCLASS_MA":null,"FCLASS_NL":null,"FCLASS_NP":null,"FCLASS_OSM":"Unrecognized","FCLASS_PK":"International boundary (verify)","FCLASS_PL":null,"FCLASS_PS":null,"FCLASS_PT":null,"FCLASS_RU":"Admin-1 boundary","FCLASS_SA":null,"FCLASS_SE":null,"FCLASS_TLC":null,"FCLASS_TR":"International boundary (verify)","FCLASS_TW":null,"FCLASS_UA":null,"FCLASS_US":null,"FCLASS_VN":null,"adm0_a3_left":"IND","adm0_a3_right":"IND","fclass_ru":"Admin-1 boundary","feature_class":"Claim boundary","feature_id":"1746705457","name":"Pakistani claim","ne_id":"1746705457","note":"(Admin. by India, Claimed by Pakistan)"},"type":"Feature"},{"geometry":{"coordinates":[[[74.124701,35.099201],[74.099384,35.092743],[74.088428,35.085043],[74.081172,35.078349],[74.08109,35.078273],[74.076543,35.072021],[74.067551,35.055381],[74.066001,35.049696],[74.066207,35.045511],[74.067551,35.042255],[74.069079,35.039924],[74.069618,35.039103],[74.070788,35.03803],[74.072719,35.03626],[74.074926,35.03495],[74.076026,35.034297],[74.088118,35.029646],[74.088146,35.029628],[74.092666,35.0267],[74.09773,35.021429],[74.101347,35.013936],[74.100413,35.010059],[74.100314,35.009647],[74.097536,35.006612],[74.097523,35.006598],[74.09192,35.003393],[74.085518,34.999731],[74.085328,34.999622],[74.075612,34.991095],[74.066931,34.981794],[74.06445,34.9743],[74.063003,34.965464],[74.064037,34.950168],[74.061453,34.941693],[74.056802,34.932908],[74.054237,34.930843],[74.052565,34.929497],[74.041731,34.922865],[74.041506,34.922727],[74.036658,34.917299],[74.034307,34.914666],[74.034168,34.914511],[74.02993,34.905054],[74.024255,34.888132],[74.024246,34.888104],[74.02248,34.886053],[74.017955,34.880798],[74.017838,34.880663],[74.015709,34.878979],[74.012362,34.876331],[74.012154,34.876167],[74.012143,34.876163],[74.000505,34.872432],[73.989106,34.868777],[73.983858,34.867713],[73.978151,34.866555],[73.962234,34.865211],[73.954618,34.862756],[73.95438,34.862679],[73.947662,34.85808],[73.947421,34.85788],[73.942499,34.853786],[73.937278,34.849444],[73.937223,34.849398],[73.930092,34.839373],[73.930018,34.839305],[73.92872,34.838102],[73.925262,34.8349],[73.923787,34.833534],[73.916242,34.828573],[73.911016,34.826092],[73.908112,34.824714],[73.908077,34.824697],[73.889871,34.812899],[73.889577,34.812708],[73.887435,34.811935],[73.883996,34.810693]],[[73.883996,34.810693],[73.883843,34.810705],[73.841105,34.814103]],[[73.841105,34.814103],[73.819504,34.810486],[73.81568,34.809143],[73.81564,34.809118],[73.797443,34.798052],[73.79656,34.797515],[73.789118,34.794105],[73.783744,34.792451],[73.777233,34.791624]],[[73.777233,34.791624],[73.758422,34.792503]],[[73.758422,34.792503],[73.750568,34.789971],[73.75042,34.789896],[73.740232,34.784751],[73.718838,34.771315],[73.70871,34.763306],[73.701313,34.755703],[73.701268,34.755657],[73.69424,34.744599],[73.685559,34.723256],[73.680804,34.715298],[73.650832,34.676696],[73.648972,34.672458],[73.647938,34.667808],[73.649179,34.663053],[73.651246,34.659023],[73.65786,34.649462],[73.659721,34.643985],[73.660341,34.638972],[73.659514,34.633649],[73.638947,34.585487],[73.629231,34.569416],[73.624931,34.565384],[73.623444,34.56399],[73.623285,34.56399],[73.618483,34.56399]],[[73.618483,34.56399],[73.618437,34.56404],[73.616006,34.566769],[73.613832,34.569209],[73.610111,34.575617],[73.607899,34.580745],[73.607837,34.580888],[73.607835,34.580892],[73.606521,34.583027],[73.605357,34.584919],[73.605346,34.584924],[73.600396,34.587296],[73.593161,34.588329],[73.591243,34.588339],[73.583239,34.588381]],[[73.583239,34.588381],[73.574558,34.587192],[73.565773,34.584919],[73.552826,34.579499],[73.534043,34.571638],[73.533067,34.57153],[73.528876,34.571069]],[[73.528876,34.571069],[73.526929,34.571118],[73.524742,34.571173],[73.503864,34.574583],[73.498903,34.574997]],[[73.498903,34.574997],[73.497532,34.574982],[73.494149,34.574945],[73.464074,34.570552],[73.463568,34.570332],[73.454462,34.566367],[73.450121,34.562594],[73.447124,34.558047],[73.446193,34.553809],[73.445677,34.549158],[73.445573,34.540373],[73.444953,34.536859],[73.443196,34.533449],[73.438132,34.525956],[73.436685,34.522157],[73.436065,34.517326],[73.437822,34.491126],[73.437512,34.487715],[73.436582,34.48464],[73.435341,34.481798],[73.429037,34.472936],[73.42775,34.470533],[73.427487,34.470042],[73.427484,34.470029],[73.426763,34.466011],[73.426866,34.435729],[73.425936,34.43038],[73.425923,34.43033],[73.425374,34.428327],[73.420252,34.409632],[73.415084,34.397643],[73.403831,34.38092],[73.400201,34.375526],[73.400217,34.37548],[73.407126,34.355036],[73.447227,34.305969],[73.455495,34.292172],[73.459526,34.282405],[73.474099,34.269176],[73.474138,34.269005],[73.490429,34.198353],[73.491359,34.181274],[73.489571,34.149642],[73.489395,34.146522],[73.489787,34.14006],[73.490429,34.129494],[73.490811,34.128201],[73.508515,34.068387],[73.518437,34.009424],[73.518557,34.008467],[73.518576,34.008316]]],"type":"MultiLineString"},"id":"1746705471","properties":{"FCLASS_AR":null,"FCLASS_BD":null,"FCLASS_BR":null,"FCLASS_CN":null,"FCLASS_DE":null,"FCLASS_EG":null,"FCLASS_ES":null,"FCLASS_FR":null,"FCLASS_GB":null,"FCLASS_GR":null,"FCLASS_ID":null,"FCLASS_IL":null,"FCLASS_IN":"International boundary (verify)","FCLASS_ISO":null,"FCLASS_IT":null,"FCLASS_JP":null,"FCLASS_KO":null,"FCLASS_MA":null,"FCLASS_NL":null,"FCLASS_NP":null,"FCLASS_OSM":"Unrecognized","FCLASS_PK":"Unrecognized","FCLASS_PL":null,"FCLASS_PS":null,"FCLASS_PT":null,"FCLASS_RU":"International boundary (verify)","FCLASS_SA":null,"FCLASS_SE":null,"FCLASS_TLC":null,"FCLASS_TR":"Unrecognized","FCLASS_TW":null,"FCLASS_UA":null,"FCLASS_US":null,"FCLASS_VN":null,"adm0_a3_left":"PAK","adm0_a3_right":"PAK","fclass_ru":"International boundary (verify)","feature_class":"Claim boundary","feature_id":"1746705471","name":"Indian claim","ne_id":"1746705471","note":"(Admin. by Pakistan, Claimed by India)"},"type":"Feature"},{"geometry":{"coordinates":[[[73.518576,34.008316],[73.518644,34.00777],[73.579829,33.910464],[73.582516,33.876745],[73.56722,33.803442],[73.576418,33.777138],[73.58851,33.762333],[73.595745,33.745616],[73.599362,33.727477],[73.600293,33.70859],[73.595642,33.695386],[73.577452,33.663244],[73.576418,33.654019],[73.578382,33.64756],[73.573111,33.633659],[73.576418,33.626372],[73.603807,33.605934],[73.614659,33.593119],[73.625201,33.575471],[73.632849,33.556842],[73.635019,33.540796],[73.630988,33.531184],[73.624477,33.528213],[73.618173,33.526172],[73.614659,33.519661],[73.614969,33.510126],[73.622617,33.477157],[73.625924,33.469664],[73.628198,33.461705],[73.627578,33.452068],[73.62241,33.448605],[73.620583,33.448246],[73.613212,33.446797],[73.612732,33.446518],[73.60422,33.441577],[73.594401,33.411734],[73.582826,33.399875],[73.573834,33.387395],[73.576418,33.369541],[73.586857,33.355562],[73.598432,33.342875],[73.603186,33.333031],[73.600293,33.321817],[73.597605,33.315022],[73.593471,33.304299],[73.594918,33.285721],[73.599156,33.26642],[73.600293,33.246706],[73.596882,33.244251],[73.589957,33.241254],[73.588318,33.240746],[73.583033,33.239109]],[[73.583033,33.239109],[73.579829,33.239264]],[[73.579829,33.239264],[73.57994,33.238427],[73.581172,33.229161],[73.583756,33.227637]],[[73.609491,33.232546],[73.614659,33.232443],[73.615382,33.229575],[73.616002,33.22358],[73.617656,33.216888],[73.620756,33.212005],[73.640807,33.20105],[73.649282,33.194848],[73.654863,33.184694],[73.654553,33.173041],[73.649799,33.161853],[73.644424,33.154386],[73.645354,33.143094],[73.622513,33.124491],[73.640497,33.103304],[73.672743,33.084907],[73.731964,33.06266],[73.763487,33.045658],[73.773202,33.030646],[73.786018,33.024652],[73.805861,33.015144],[73.822398,33.013206]],[[73.594712,33.228205],[73.599945,33.230359],[73.601429,33.23097],[73.609491,33.232546]],[[73.587787,33.228464],[73.594428,33.228216],[73.594712,33.228205]],[[73.583756,33.227637],[73.587787,33.228464]],[[73.907354,33.029949],[73.926061,33.02597],[73.943011,33.018192],[73.951072,33.011449],[73.95624,33.006178],[73.959444,33.001811],[73.960064,33.000519],[73.977014,32.975869],[73.983008,32.969074],[74.316989,32.823067]],[[73.822398,33.013206],[73.829129,33.015386],[73.829736,33.015583],[73.84763,33.02371],[73.849476,33.024549],[73.859502,33.026977],[73.873764,33.028734],[73.907354,33.029949]]],"type":"MultiLineString"},"id":"1746705479","properties":{"FCLASS_AR":null,"FCLASS_BD":null,"FCLASS_BR":null,"FCLASS_CN":null,"FCLASS_DE":null,"FCLASS_EG":null,"FCLASS_ES":null,"FCLASS_FR":null,"FCLASS_GB":null,"FCLASS_GR":null,"FCLASS_ID":null,"FCLASS_IL":null,"FCLASS_IN":"International boundary (verify)","FCLASS_ISO":null,"FCLASS_IT":null,"FCLASS_JP":null,"FCLASS_KO":null,"FCLASS_MA":null,"FCLASS_NL":null,"FCLASS_NP":null,"FCLASS_OSM":"Unrecognized","FCLASS_PK":"Unrecognized","FCLASS_PL":null,"FCLASS_PS":null,"FCLASS_PT":null,"FCLASS_RU":"International boundary (verify)","FCLASS_SA":null,"FCLASS_SE":null,"FCLASS_TLC":null,"FCLASS_TR":"Unrecognized","FCLASS_TW":null,"FCLASS_UA":null,"FCLASS_US":null,"FCLASS_VN":null,"adm0_a3_left":"PAK","adm0_a3_right":"PAK","fclass_ru":"International boundary (verify)","feature_class":"Claim boundary","feature_id":"1746705479","name":"Indian claim","ne_id":"1746705479","note":"(Admin. by Pakistan, Claimed by India)"},"type":"Feature"},{"geometry":{"coordinates":[[46.726842,40.412728],[46.751975,40.403012],[46.780517,40.391978],[46.805478,40.364747],[46.841786,40.330709],[46.871285,40.312556],[46.905385,40.305086]],"type":"LineString"},"id":"1746705489","properties":{"FCLASS_AR":"Unrecognized","FCLASS_BD":"Unrecognized","FCLASS_BR":"Unrecognized","FCLASS_CN":"Unrecognized","FCLASS_DE":null,"FCLASS_EG":"Unrecognized","FCLASS_ES":null,"FCLASS_FR":null,"FCLASS_GB":null,"FCLASS_GR":"Unrecognized","FCLASS_ID":"Unrecognized","FCLASS_IL":"Unrecognized","FCLASS_IN":"Unrecognized","FCLASS_ISO":"Unrecognized","FCLASS_IT":"Unrecognized","FCLASS_JP":"Unrecognized","FCLASS_KO":"Unrecognized","FCLASS_MA":"Unrecognized","FCLASS_NL":null,"FCLASS_NP":"Unrecognized","FCLASS_OSM":"Unrecognized","FCLASS_PK":"Unrecognized","FCLASS_PL":"Unrecognized","FCLASS_PS":"Unrecognized","FCLASS_PT":"Unrecognized","FCLASS_RU":null,"FCLASS_SA":"Unrecognized","FCLASS_SE":null,"FCLASS_TLC":null,"FCLASS_TR":"Unrecognized","FCLASS_TW":"Unrecognized","FCLASS_UA":"Unrecognized","FCLASS_US":null,"FCLASS_VN":"Unrecognized","adm0_a3_left":"AZE","adm0_a3_right":"AZE","fclass_ru":null,"feature_class":"Breakaway","feature_id":"1746705489","name":"Ceasefire Line 2020","ne_id":"1746705489","note":"(Self admin., Claimed by Azer.)"},"type":"Feature"},{"geometry":{"coordinates":[[79.125038,33.290203],[79.140213,33.160251],[79.139593,33.12493],[79.115822,33.090049],[79.095048,33.055115],[79.10931,33.007909],[79.176076,32.993465],[79.175973,32.984784],[79.21197,32.91994],[79.201186,32.838215],[79.205584,32.809031],[79.230337,32.750999],[79.240155,32.701571],[79.22889,32.656122],[79.219484,32.62186],[79.214317,32.581165],[79.215247,32.507914]],"type":"LineString"},"id":"1746705543","properties":{"FCLASS_AR":null,"FCLASS_BD":null,"FCLASS_BR":null,"FCLASS_CN":"International boundary (verify)","FCLASS_DE":null,"FCLASS_EG":null,"FCLASS_ES":null,"FCLASS_FR":null,"FCLASS_GB":null,"FCLASS_GR":null,"FCLASS_ID":null,"FCLASS_IL":null,"FCLASS_IN":"Unrecognized","FCLASS_ISO":null,"FCLASS_IT":null,"FCLASS_JP":null,"FCLASS_KO":null,"FCLASS_MA":null,"FCLASS_NL":null,"FCLASS_NP":null,"FCLASS_OSM":"Unrecognized","FCLASS_PK":"Unrecognized","FCLASS_PL":null,"FCLASS_PS":null,"FCLASS_PT":null,"FCLASS_RU":"International boundary (verify)","FCLASS_SA":null,"FCLASS_SE":null,"FCLASS_TLC":null,"FCLASS_TR":"Unrecognized","FCLASS_TW":"International boundary (verify)","FCLASS_UA":null,"FCLASS_US":null,"FCLASS_VN":null,"adm0_a3_left":"IND","adm0_a3_right":"IND","fclass_ru":"International boundary (verify)","feature_class":"Claim boundary","feature_id":"1746705543","name":"Chinese claim","ne_id":"1746705543","note":"(Admin. by India, Claimed by China)"},"type":"Feature"},{"geometry":{"coordinates":[[[74.463767,35.123654],[74.488881,35.120089],[74.520714,35.106007],[74.548929,35.080169],[74.573631,35.046166],[74.612698,34.97232],[74.633834,34.940487],[74.661119,34.918111],[74.799095,34.851914],[74.865964,34.828504],[74.927433,34.813447],[74.927563,34.813415],[74.974588,34.81295]],[[74.269153,35.086783],[74.350647,35.093501],[74.41116,35.111795],[74.463107,35.123506],[74.463767,35.123654]],[[74.124701,35.099201],[74.137805,35.09897],[74.174924,35.098316],[74.176859,35.098281],[74.268085,35.086916],[74.269153,35.086783]],[[75.14109,34.870337],[75.161399,34.861965],[75.207959,34.821502],[75.231885,34.794579],[75.248938,34.762307],[75.255295,34.728769],[75.251729,34.696859],[75.251618,34.696648],[75.226614,34.649032],[75.22656,34.648754],[75.224754,34.639575],[75.224564,34.638611]],[[74.974588,34.81295],[75.004819,34.816981],[75.028125,34.82406],[75.067232,34.830518],[75.067244,34.83052],[75.086933,34.839253],[75.122482,34.866638],[75.122486,34.866642],[75.139779,34.870076],[75.14109,34.870337]]],"type":"MultiLineString"},"id":"1746705559","properties":{"FCLASS_AR":null,"FCLASS_BD":null,"FCLASS_BR":null,"FCLASS_CN":"Unrecognized","FCLASS_DE":null,"FCLASS_EG":null,"FCLASS_ES":null,"FCLASS_FR":null,"FCLASS_GB":null,"FCLASS_GR":null,"FCLASS_ID":null,"FCLASS_IL":null,"FCLASS_IN":"Admin-1 boundary","FCLASS_ISO":null,"FCLASS_IT":null,"FCLASS_JP":null,"FCLASS_KO":null,"FCLASS_MA":null,"FCLASS_NL":null,"FCLASS_NP":null,"FCLASS_OSM":"Unrecognized","FCLASS_PK":"Admin-1 boundary","FCLASS_PL":null,"FCLASS_PS":null,"FCLASS_PT":null,"FCLASS_RU":"Unrecognized","FCLASS_SA":null,"FCLASS_SE":null,"FCLASS_TLC":null,"FCLASS_TR":"Unrecognized","FCLASS_TW":null,"FCLASS_UA":null,"FCLASS_US":null,"FCLASS_VN":null,"adm0_a3_left":"PAK","adm0_a3_right":"PAK","fclass_ru":"Unrecognized","feature_class":"Claim boundary","feature_id":"1746705559","name":"Indian claim","ne_id":"1746705559","note":"(Admin. by Pakistan, Claimed by India)"},"type":"Feature"},{"geometry":{"coordinates":[[47.017781,40.246537],[47.01158,40.242713],[46.98817,40.238837],[46.969515,40.241938],[46.949155,40.248087],[46.939698,40.252841],[46.928897,40.252066],[46.922593,40.244211],[46.92342,40.234858],[46.933548,40.223954],[46.933019,40.221596],[46.931274,40.213826],[46.92522,40.208966],[46.92342,40.207521],[46.907813,40.20132],[46.900785,40.198219],[46.893086,40.195894],[46.879856,40.202095],[46.872725,40.20132],[46.859496,40.196669],[46.827405,40.178686],[46.821204,40.172433],[46.82203,40.167007],[46.830609,40.160754],[46.830018,40.15629],[46.829782,40.154501],[46.823747,40.154102],[46.818051,40.153726],[46.804047,40.157602],[46.790715,40.152899],[46.770406,40.135742],[46.758779,40.117811],[46.746996,40.099879],[46.750149,40.091249],[46.763533,40.083446],[46.765083,40.078795],[46.749373,40.07094],[46.733664,40.063964],[46.73249,40.062963],[46.718988,40.051458],[46.701004,40.046032],[46.677543,40.043603],[46.67992,40.036679],[46.680747,40.027325],[46.699454,40.0281],[46.718959,40.027354],[46.719711,40.027325],[46.743896,40.022674],[46.767357,40.021899],[46.802393,40.021899],[46.814176,40.019522],[46.825855,40.010117],[46.838309,39.999213],[46.844665,39.977458],[46.843011,39.959423],[46.84143,39.954851],[46.83681,39.941491],[46.833606,39.921182],[46.839911,39.919632],[46.843941,39.923611],[46.852365,39.930535],[46.852365,39.923611],[46.855517,39.91803],[46.866779,39.929962],[46.879856,39.943816],[46.896134,39.954772],[46.903059,39.953996],[46.907813,39.949346],[46.914118,39.943816],[46.925797,39.93839],[46.929724,39.932086],[46.929724,39.906299],[46.921869,39.886042],[46.910914,39.865733],[46.902336,39.85638],[46.891795,39.852182],[46.890657,39.851729],[46.875877,39.842375],[46.867299,39.833745],[46.867299,39.826769],[46.870571,39.823466],[46.872725,39.821291],[46.882905,39.822067],[46.903059,39.83142],[46.919544,39.836846],[46.929724,39.844701],[46.933548,39.852452],[46.937372,39.868937],[46.9444,39.878962],[46.957733,39.887592],[46.999746,39.896997],[47.012406,39.895447],[47.031837,39.885267],[47.045789,39.886042],[47.077932,39.891468],[47.090438,39.889918],[47.11855,39.872813],[47.145835,39.857207],[47.165265,39.850954],[47.175145,39.850255],[47.176221,39.850179],[47.181701,39.853279]],"type":"LineString"},"id":"1746705567","properties":{"FCLASS_AR":"Unrecognized","FCLASS_BD":"Unrecognized","FCLASS_BR":"Unrecognized","FCLASS_CN":"Unrecognized","FCLASS_DE":"Unrecognized","FCLASS_EG":"Unrecognized","FCLASS_ES":"Unrecognized","FCLASS_FR":"Unrecognized","FCLASS_GB":"Unrecognized","FCLASS_GR":"Unrecognized","FCLASS_ID":"Unrecognized","FCLASS_IL":"Unrecognized","FCLASS_IN":"Unrecognized","FCLASS_ISO":"Unrecognized","FCLASS_IT":"Unrecognized","FCLASS_JP":"Unrecognized","FCLASS_KO":"Unrecognized","FCLASS_MA":"Unrecognized","FCLASS_NL":"Unrecognized","FCLASS_NP":"Unrecognized","FCLASS_OSM":"Unrecognized","FCLASS_PK":"Unrecognized","FCLASS_PL":"Unrecognized","FCLASS_PS":"Unrecognized","FCLASS_PT":"Unrecognized","FCLASS_RU":"Unrecognized","FCLASS_SA":"Unrecognized","FCLASS_SE":"Unrecognized","FCLASS_TLC":null,"FCLASS_TR":"Unrecognized","FCLASS_TW":"Unrecognized","FCLASS_UA":"Unrecognized","FCLASS_US":"Unrecognized","FCLASS_VN":"Unrecognized","adm0_a3_left":"AZE","adm0_a3_right":"AZE","fclass_ru":"Unrecognized","feature_class":"Reference line","feature_id":"1746705567","name":"Former USSR oblast in 1991","ne_id":"1746705567","note":"(Self admin., Claimed by Azer.)"},"type":"Feature"},{"geometry":{"coordinates":[[46.418438,39.999213],[46.408516,40.018747],[46.398284,40.034405],[46.390429,40.038953],[46.377923,40.040503],[46.356943,40.038177],[46.345884,40.037402],[46.337306,40.04133],[46.337306,40.048358],[46.346711,40.063189],[46.367071,40.087373],[46.374823,40.09435],[46.377923,40.10298],[46.369345,40.110783],[46.357769,40.10608],[46.346711,40.099879],[46.336479,40.099879],[46.329554,40.10453],[46.331104,40.110008],[46.337306,40.115485],[46.333378,40.121687],[46.317048,40.121687],[46.313121,40.124787],[46.318599,40.136518],[46.322423,40.144321],[46.315343,40.148972],[46.317048,40.161529],[46.309865,40.164681],[46.30537,40.158377],[46.301442,40.149747],[46.297618,40.148972],[46.291365,40.156051],[46.293691,40.188091],[46.307747,40.19424],[46.317772,40.19977],[46.318599,40.219252],[46.314671,40.243488]],"type":"LineString"},"id":"1746705575","properties":{"FCLASS_AR":"Unrecognized","FCLASS_BD":"Unrecognized","FCLASS_BR":"Unrecognized","FCLASS_CN":"Unrecognized","FCLASS_DE":"Unrecognized","FCLASS_EG":"Unrecognized","FCLASS_ES":"Unrecognized","FCLASS_FR":"Unrecognized","FCLASS_GB":"Unrecognized","FCLASS_GR":"Unrecognized","FCLASS_ID":"Unrecognized","FCLASS_IL":"Unrecognized","FCLASS_IN":"Unrecognized","FCLASS_ISO":"Unrecognized","FCLASS_IT":"Unrecognized","FCLASS_JP":"Unrecognized","FCLASS_KO":"Unrecognized","FCLASS_MA":"Unrecognized","FCLASS_NL":"Unrecognized","FCLASS_NP":"Unrecognized","FCLASS_OSM":"Unrecognized","FCLASS_PK":"Unrecognized","FCLASS_PL":"Unrecognized","FCLASS_PS":"Unrecognized","FCLASS_PT":"Unrecognized","FCLASS_RU":"Unrecognized","FCLASS_SA":"Unrecognized","FCLASS_SE":"Unrecognized","FCLASS_TLC":null,"FCLASS_TR":"Unrecognized","FCLASS_TW":"Unrecognized","FCLASS_UA":"Unrecognized","FCLASS_US":"Unrecognized","FCLASS_VN":"Unrecognized","adm0_a3_left":"AZE","adm0_a3_right":"AZE","fclass_ru":"Unrecognized","feature_class":"Reference line","feature_id":"1746705575","name":"Former USSR oblast in 1991","ne_id":"1746705575","note":"(Self admin., Claimed by Azer.)"},"type":"Feature"},{"geometry":{"coordinates":[[46.31529,40.244281],[46.323198,40.254392],[46.348984,40.264572],[46.35694,40.271546],[46.356943,40.271548],[46.363919,40.283279],[46.373272,40.284054],[46.399111,40.282504],[46.429393,40.281677],[46.44748,40.278576],[46.461967,40.282399],[46.462363,40.282504],[46.523031,40.308962],[46.540876,40.319539],[46.544218,40.321519],[46.554295,40.330769],[46.555028,40.333732],[46.55662,40.340174],[46.569953,40.349528],[46.575214,40.349528],[46.583079,40.349528],[46.586723,40.352931],[46.594809,40.360483],[46.615273,40.370612],[46.649535,40.38074],[46.66049,40.382291],[46.672996,40.38937],[46.684571,40.398672],[46.696353,40.4026],[46.703381,40.406527],[46.726842,40.412728]],"type":"LineString"},"id":"1746705583","properties":{"FCLASS_AR":"Unrecognized","FCLASS_BD":"Unrecognized","FCLASS_BR":"Unrecognized","FCLASS_CN":"Unrecognized","FCLASS_DE":"Unrecognized","FCLASS_EG":"Unrecognized","FCLASS_ES":"Unrecognized","FCLASS_FR":"Unrecognized","FCLASS_GB":"Unrecognized","FCLASS_GR":"Unrecognized","FCLASS_ID":"Unrecognized","FCLASS_IL":"Unrecognized","FCLASS_IN":"Unrecognized","FCLASS_ISO":"Unrecognized","FCLASS_IT":"Unrecognized","FCLASS_JP":"Unrecognized","FCLASS_KO":"Unrecognized","FCLASS_MA":"Unrecognized","FCLASS_NL":"Unrecognized","FCLASS_NP":"Unrecognized","FCLASS_OSM":"Unrecognized","FCLASS_PK":"Unrecognized","FCLASS_PL":"Unrecognized","FCLASS_PS":"Unrecognized","FCLASS_PT":"Unrecognized","FCLASS_RU":"Unrecognized","FCLASS_SA":"Unrecognized","FCLASS_SE":"Unrecognized","FCLASS_TLC":null,"FCLASS_TR":"Unrecognized","FCLASS_TW":"Unrecognized","FCLASS_UA":"Unrecognized","FCLASS_US":"Unrecognized","FCLASS_VN":"Unrecognized","adm0_a3_left":"AZE","adm0_a3_right":"AZE","fclass_ru":"Unrecognized","feature_class":"Reference line","feature_id":"1746705583","name":"Former USSR oblast in 1991","ne_id":"1746705583","note":"(Self admin., Claimed by Azer.)"},"type":"Feature"},{"geometry":{"coordinates":[[46.905385,40.305086],[46.913239,40.301107],[46.92342,40.300332],[46.935099,40.297231],[46.942127,40.289428],[46.947501,40.280953],[46.968688,40.273874],[46.98047,40.273098],[46.991219,40.263797],[47.008479,40.254392],[47.017781,40.246537]],"type":"LineString"},"id":"1746705589","properties":{"FCLASS_AR":"Unrecognized","FCLASS_BD":"Unrecognized","FCLASS_BR":"Unrecognized","FCLASS_CN":"Unrecognized","FCLASS_DE":null,"FCLASS_EG":"Unrecognized","FCLASS_ES":null,"FCLASS_FR":null,"FCLASS_GB":null,"FCLASS_GR":"Unrecognized","FCLASS_ID":"Unrecognized","FCLASS_IL":"Unrecognized","FCLASS_IN":"Unrecognized","FCLASS_ISO":"Unrecognized","FCLASS_IT":"Unrecognized","FCLASS_JP":"Unrecognized","FCLASS_KO":"Unrecognized","FCLASS_MA":"Unrecognized","FCLASS_NL":null,"FCLASS_NP":"Unrecognized","FCLASS_OSM":"Unrecognized","FCLASS_PK":"Unrecognized","FCLASS_PL":"Unrecognized","FCLASS_PS":"Unrecognized","FCLASS_PT":"Unrecognized","FCLASS_RU":null,"FCLASS_SA":"Unrecognized","FCLASS_SE":null,"FCLASS_TLC":null,"FCLASS_TR":"Unrecognized","FCLASS_TW":"Unrecognized","FCLASS_UA":"Unrecognized","FCLASS_US":null,"FCLASS_VN":"Unrecognized","adm0_a3_left":"AZE","adm0_a3_right":"AZE","fclass_ru":null,"feature_class":"Breakaway","feature_id":"1746705589","name":"Ceasefire Line 2020","ne_id":"1746705589","note":"(Self admin., Claimed by Azer.)"},"type":"Feature"},{"geometry":{"coordinates":[[46.905385,40.305086],[46.913239,40.301107],[46.92342,40.300332],[46.935099,40.297231],[46.942127,40.289428],[46.947501,40.280953],[46.968688,40.273874],[46.98047,40.273098],[46.991219,40.263797],[47.008479,40.254392],[47.017781,40.246537]],"type":"LineString"},"id":"1746705599","properties":{"FCLASS_AR":"Unrecognized","FCLASS_BD":"Unrecognized","FCLASS_BR":"Unrecognized","FCLASS_CN":"Unrecognized","FCLASS_DE":"Unrecognized","FCLASS_EG":"Unrecognized","FCLASS_ES":"Unrecognized","FCLASS_FR":"Unrecognized","FCLASS_GB":"Unrecognized","FCLASS_GR":"Unrecognized","FCLASS_ID":"Unrecognized","FCLASS_IL":"Unrecognized","FCLASS_IN":"Unrecognized","FCLASS_ISO":"Unrecognized","FCLASS_IT":"Unrecognized","FCLASS_JP":"Unrecognized","FCLASS_KO":"Unrecognized","FCLASS_MA":"Unrecognized","FCLASS_NL":"Unrecognized","FCLASS_NP":"Unrecognized","FCLASS_OSM":"Unrecognized","FCLASS_PK":"Unrecognized","FCLASS_PL":"Unrecognized","FCLASS_PS":"Unrecognized","FCLASS_PT":"Unrecognized","FCLASS_RU":"Unrecognized","FCLASS_SA":"Unrecognized","FCLASS_SE":"Unrecognized","FCLASS_TLC":null,"FCLASS_TR":"Unrecognized","FCLASS_TW":"Unrecognized","FCLASS_UA":"Unrecognized","FCLASS_US":"Unrecognized","FCLASS_VN":"Unrecognized","adm0_a3_left":"AZE","adm0_a3_right":"AZE","fclass_ru":"Unrecognized","feature_class":"Reference line","feature_id":"1746705599","name":"Former USSR oblast in 1991","ne_id":"1746705599","note":"(Self admin., Claimed by Azer.)"},"type":"Feature"},{"geometry":{"coordinates":[[80.883879,30.210405],[80.907615,30.231111],[80.955286,30.244518],[80.976018,30.255209]],"type":"LineString"},"id":"1746705607","properties":{"FCLASS_AR":null,"FCLASS_BD":null,"FCLASS_BR":null,"FCLASS_CN":null,"FCLASS_DE":null,"FCLASS_EG":null,"FCLASS_ES":null,"FCLASS_FR":null,"FCLASS_GB":null,"FCLASS_GR":null,"FCLASS_ID":null,"FCLASS_IL":null,"FCLASS_IN":"Unrecognized","FCLASS_ISO":null,"FCLASS_IT":null,"FCLASS_JP":null,"FCLASS_KO":null,"FCLASS_MA":null,"FCLASS_NL":null,"FCLASS_NP":"International boundary (verify)","FCLASS_OSM":"Unrecognized","FCLASS_PK":"Unrecognized","FCLASS_PL":null,"FCLASS_PS":null,"FCLASS_PT":null,"FCLASS_RU":null,"FCLASS_SA":null,"FCLASS_SE":null,"FCLASS_TLC":null,"FCLASS_TR":null,"FCLASS_TW":null,"FCLASS_UA":null,"FCLASS_US":null,"FCLASS_VN":null,"adm0_a3_left":"IND","adm0_a3_right":"IND","fclass_ru":null,"feature_class":"Claim boundary","feature_id":"1746705607","name":"Chinese claim","ne_id":"1746705607","note":"(Admin. by India, Claimed by China)"},"type":"Feature"},{"geometry":{"coordinates":[[47.231925,39.754201],[47.218144,39.742794],[47.204229,39.733907],[47.186453,39.728377],[47.16449,39.728377],[47.157411,39.733131],[47.148109,39.737007],[47.12935,39.731581],[47.122322,39.719902],[47.116018,39.720626],[47.112969,39.714373],[47.113796,39.705071],[47.105941,39.692565],[47.091265,39.685486],[47.077932,39.68316],[47.063876,39.68006],[47.036591,39.663678],[47.031113,39.657374],[47.028685,39.646418],[47.047443,39.642543],[47.05356,39.642442],[47.091265,39.641819],[47.105941,39.637892],[47.111418,39.633964],[47.112969,39.619082],[47.109868,39.609831],[47.094934,39.606628],[47.088852,39.606628],[47.055143,39.606628],[47.044239,39.602752],[47.032674,39.58477],[47.028685,39.578567],[47.031837,39.573916],[47.074728,39.580944],[47.116018,39.589523],[47.12165,39.582495],[47.116896,39.575415],[47.111418,39.566888],[47.111418,39.55986],[47.111418,39.53025],[47.105941,39.522395],[47.095812,39.520069],[47.091766,39.519772],[47.074728,39.518519],[47.062171,39.50529],[47.062171,39.499812],[47.068837,39.491096],[47.079482,39.477178],[47.08341,39.470977],[47.077157,39.469323],[47.058416,39.47455],[47.048993,39.477178],[47.022535,39.488082],[47.007652,39.488857],[47.005275,39.485756],[47.03797,39.447219],[47.039692,39.44519],[47.053644,39.424055],[47.046616,39.419404],[47.040734,39.419059],[47.033387,39.418629],[47.027961,39.405399],[47.006825,39.399818],[46.989669,39.385814],[46.983571,39.384264],[46.957733,39.395994],[46.953082,39.402299],[46.955356,39.406898],[46.955356,39.413099],[46.945227,39.421729],[46.942127,39.428757],[46.926624,39.43656],[46.913239,39.442813],[46.911637,39.450668],[46.916392,39.460021],[46.895308,39.458523],[46.879856,39.459246],[46.868023,39.463122],[46.857067,39.472527],[46.848592,39.478728],[46.832004,39.477178],[46.831341,39.47644],[46.824253,39.468548],[46.815112,39.451075],[46.814899,39.450668],[46.81738,39.438937],[46.821766,39.430957],[46.824253,39.426432],[46.824253,39.420179],[46.816862,39.418591],[46.798518,39.41465],[46.774385,39.407673],[46.767031,39.406132],[46.763533,39.405399],[46.763373,39.407239],[46.761982,39.42328],[46.757881,39.452224],[46.755841,39.466623],[46.755678,39.467773],[46.765083,39.484981],[46.758779,39.496712],[46.767357,39.510716],[46.757228,39.519294],[46.744671,39.526374],[46.730563,39.528699],[46.705655,39.525599],[46.686639,39.522195],[46.679093,39.520845],[46.683822,39.534135],[46.695475,39.566888],[46.673969,39.568371],[46.672996,39.568439],[46.66204,39.571539],[46.658113,39.577792],[46.681471,39.587972],[46.708136,39.594225],[46.732113,39.598876],[46.733981,39.598008],[46.740645,39.59491],[46.743896,39.593398],[46.744551,39.599668],[46.746996,39.623061],[46.738418,39.632414],[46.749373,39.648847],[46.720538,39.662903],[46.696584,39.668994],[46.696353,39.669053],[46.681471,39.669053],[46.665141,39.665229],[46.661607,39.633606],[46.661213,39.630089],[46.655787,39.610607],[46.638228,39.603212],[46.624575,39.597432],[46.624439,39.597373]],"type":"LineString"},"id":"1746705625","properties":{"FCLASS_AR":"Unrecognized","FCLASS_BD":"Unrecognized","FCLASS_BR":"Unrecognized","FCLASS_CN":"Unrecognized","FCLASS_DE":"Unrecognized","FCLASS_EG":"Unrecognized","FCLASS_ES":"Unrecognized","FCLASS_FR":"Unrecognized","FCLASS_GB":"Unrecognized","FCLASS_GR":"Unrecognized","FCLASS_ID":"Unrecognized","FCLASS_IL":"Unrecognized","FCLASS_IN":"Unrecognized","FCLASS_ISO":"Unrecognized","FCLASS_IT":"Unrecognized","FCLASS_JP":"Unrecognized","FCLASS_KO":"Unrecognized","FCLASS_MA":"Unrecognized","FCLASS_NL":"Unrecognized","FCLASS_NP":"Unrecognized","FCLASS_OSM":"Unrecognized","FCLASS_PK":"Unrecognized","FCLASS_PL":"Unrecognized","FCLASS_PS":"Unrecognized","FCLASS_PT":"Unrecognized","FCLASS_RU":"Unrecognized","FCLASS_SA":"Unrecognized","FCLASS_SE":"Unrecognized","FCLASS_TLC":null,"FCLASS_TR":"Unrecognized","FCLASS_TW":"Unrecognized","FCLASS_UA":"Unrecognized","FCLASS_US":"Unrecognized","FCLASS_VN":"Unrecognized","adm0_a3_left":"AZE","adm0_a3_right":"AZE","fclass_ru":"Unrecognized","feature_class":"Reference line","feature_id":"1746705625","name":"Former USSR oblast in 1991","ne_id":"1746705625","note":"(Self admin., Claimed by Azer.)"},"type":"Feature"},{"geometry":{"coordinates":[[35.631092,33.274565],[35.642209,33.266217],[35.654342,33.262173],[35.675912,33.275654],[35.695461,33.292506],[35.712313,33.306662],[35.718379,33.316773],[35.716197,33.326727]],"type":"LineString"},"id":"1746705641","properties":{"FCLASS_AR":"International boundary (verify)","FCLASS_BD":"Indefinite (please verify)","FCLASS_BR":"International boundary (verify)","FCLASS_CN":"International boundary (verify)","FCLASS_DE":"Claim boundary","FCLASS_EG":"International boundary (verify)","FCLASS_ES":"Claim boundary","FCLASS_FR":"Claim boundary","FCLASS_GB":"Claim boundary","FCLASS_GR":"Claim boundary","FCLASS_ID":"International boundary (verify)","FCLASS_IL":"Unrecognized","FCLASS_IN":"International boundary (verify)","FCLASS_ISO":null,"FCLASS_IT":"Claim boundary","FCLASS_JP":"Claim boundary","FCLASS_KO":"Claim boundary","FCLASS_MA":"Claim boundary","FCLASS_NL":"International boundary (verify)","FCLASS_NP":"Claim boundary","FCLASS_OSM":"International boundary (verify)","FCLASS_PK":"Claim boundary","FCLASS_PL":"Claim boundary","FCLASS_PS":"Indefinite (please verify)","FCLASS_PT":"Claim boundary","FCLASS_RU":"Claim boundary","FCLASS_SA":"Indefinite (please verify)","FCLASS_SE":"Claim boundary","FCLASS_TLC":null,"FCLASS_TR":"Claim boundary","FCLASS_TW":"International boundary (verify)","FCLASS_UA":"Claim boundary","FCLASS_US":"Claim boundary","FCLASS_VN":"Claim boundary","adm0_a3_left":"ISR","adm0_a3_right":"ISR","fclass_ru":"Claim boundary","feature_class":"Claim boundary","feature_id":"1746705641","name":"Lebanese claim","ne_id":"1746705641","note":"(Admin. By Israel, Claimed by Lebanon)"},"type":"Feature"},{"geometry":{"coordinates":[[73.711842,36.894139],[73.711707,36.893201],[73.708916,36.873823],[73.711558,36.861788],[73.711657,36.861339],[73.711707,36.86111],[73.714498,36.856459],[73.720285,36.851137],[73.723021,36.849412],[73.72504,36.84814],[73.730207,36.845762],[73.737752,36.843437],[73.774752,36.838114],[73.785501,36.834445],[73.797768,36.828548],[73.798937,36.827986],[73.812187,36.816392],[73.812993,36.815687],[73.868081,36.7855],[73.86901,36.784991],[73.880999,36.776464],[73.886979,36.770828],[73.887235,36.770586],[73.887304,36.770522],[73.888976,36.764383],[73.891119,36.756516],[73.891231,36.756104],[73.892058,36.751505],[73.891438,36.74675],[73.887304,36.737965],[73.886373,36.734038],[73.88658,36.730162],[73.88782,36.725563],[73.88813,36.71993],[73.885753,36.714194],[73.879345,36.71161],[73.873971,36.711042],[73.854231,36.714763],[73.833353,36.721429],[73.801934,36.728457],[73.790875,36.72918],[73.787155,36.728405],[73.767414,36.717605],[73.761626,36.716055],[73.756252,36.716416],[73.736305,36.724374],[73.728554,36.726545],[73.721215,36.727113],[73.715118,36.724995],[73.695377,36.71037],[73.684112,36.704892],[73.678634,36.703962],[73.673363,36.704531],[73.661994,36.70913],[73.654863,36.710577],[73.628301,36.70975],[73.622307,36.710163],[73.617863,36.712179],[73.617121,36.712762],[73.613522,36.715589],[73.607631,36.721687],[73.599156,36.732643],[73.595125,36.735485],[73.594812,36.735459],[73.590681,36.735123],[73.576728,36.729232],[73.571044,36.727733],[73.565359,36.72794],[73.557505,36.731247],[73.553164,36.732333],[73.541381,36.732798],[73.519884,36.730731],[73.513993,36.731351],[73.453842,36.747215],[73.429657,36.751091],[73.416014,36.752073],[73.314109,36.721119],[73.296332,36.71745],[73.287547,36.717243],[73.270804,36.718483],[73.243105,36.71652],[73.217887,36.712386],[73.213443,36.712902],[73.208482,36.715228],[73.207906,36.715693],[73.192359,36.72825],[73.182127,36.733883],[73.182082,36.733891],[73.176546,36.734865],[73.171585,36.733004],[73.142026,36.713988],[73.130554,36.709388],[73.097274,36.702825],[73.078154,36.70081],[73.0734,36.698536],[73.071333,36.694971],[73.071539,36.691095],[73.072676,36.685876],[73.0734,36.663603],[73.077534,36.651149],[73.093037,36.617714],[73.095517,36.609498],[73.095517,36.606604],[73.094484,36.603297],[73.085389,36.590067],[73.072159,36.573634],[73.069369,36.568673],[73.066165,36.556116],[73.063064,36.548985],[73.055003,36.539631],[73.048905,36.535135],[73.042187,36.531156],[72.989167,36.514465],[72.982966,36.511261],[72.979865,36.507799],[72.979865,36.504285],[72.981829,36.50015],[72.98493,36.495603],[72.988547,36.489092],[72.989581,36.483769],[72.98834,36.476173],[72.98493,36.472762],[72.980796,36.47085],[72.955991,36.468111],[72.926019,36.468369],[72.906485,36.465631],[72.895736,36.461548],[72.889948,36.457104],[72.888501,36.452505],[72.885918,36.438914],[72.886124,36.413954],[72.887365,36.402327],[72.886538,36.397056],[72.883644,36.391992],[72.876926,36.384292],[72.869278,36.379693],[72.838375,36.373957],[72.83021,36.370391],[72.821632,36.364603],[72.784528,36.328791],[72.77378,36.322694],[72.767269,36.320006],[72.752696,36.316544],[72.73771,36.310963],[72.718796,36.300111],[72.713938,36.296184],[72.692441,36.271069],[72.686963,36.269157],[72.680866,36.269312],[72.654511,36.278097],[72.642935,36.278975],[72.633427,36.278562],[72.621851,36.27665],[72.607485,36.272722],[72.594256,36.264248],[72.585988,36.25784],[72.578029,36.249881],[72.572035,36.242698],[72.568004,36.236756],[72.564904,36.230141],[72.553845,36.18911],[72.551364,36.173555],[72.551364,36.170041],[72.553121,36.166527],[72.560563,36.155727],[72.562113,36.149991],[72.560253,36.143893],[72.534415,36.116505],[72.531727,36.112319],[72.53028,36.108081],[72.529247,36.102604],[72.529144,36.097539],[72.531211,36.09108],[72.535241,36.08307],[72.536275,36.079659],[72.538032,36.076404],[72.541236,36.072528],[72.572655,36.050049],[72.579166,36.042762],[72.580717,36.034804],[72.588365,36.018681],[72.589088,36.016149],[72.588158,36.01279],[72.515607,35.903964],[72.515604,35.903959],[72.55675,35.889345],[72.653888,35.854842],[72.655854,35.854143],[72.750009,35.844842],[72.792383,35.837555],[72.798481,35.83771],[72.806129,35.838692],[72.80892,35.841328],[72.814604,35.848097],[72.818015,35.851198],[72.856152,35.870215],[72.864627,35.872799],[72.872172,35.874297],[72.971597,35.878121],[72.977798,35.877191],[72.982509,35.875827],[72.985653,35.874917],[73.000383,35.86878],[73.000536,35.868716],[73.007168,35.86511],[73.008804,35.86422],[73.015744,35.861407],[73.016452,35.86112],[73.031645,35.856831],[73.042187,35.856055],[73.052729,35.85652],[73.05955,35.857761],[73.064305,35.859518],[73.068129,35.861636],[73.07247,35.864892],[73.080634,35.873419],[73.085285,35.876519],[73.086359,35.876304],[73.087966,35.875983],[73.088161,35.875944],[73.088386,35.875899],[73.090556,35.874142],[73.09221,35.871145],[73.094277,35.868354],[73.108333,35.856159],[73.119097,35.848624],[73.119527,35.848323],[73.119702,35.848201],[73.129359,35.842938],[73.148816,35.832334],[73.149571,35.831923],[73.152981,35.828098],[73.154738,35.824895],[73.154118,35.821329],[73.151328,35.817453],[73.132621,35.802415],[73.129934,35.799418],[73.128487,35.796317],[73.123112,35.744486],[73.123112,35.73689],[73.123836,35.730327],[73.125593,35.724797],[73.12921,35.72025],[73.135308,35.714979],[73.227809,35.663664],[73.240315,35.654311],[73.243725,35.650952],[73.25158,35.645061],[73.282267,35.627514],[73.289964,35.623112],[73.290441,35.62284],[73.296849,35.617104],[73.299226,35.613228],[73.30398,35.602376],[73.306737,35.600538],[73.306835,35.600472],[73.307081,35.600309],[73.309872,35.599301],[73.310801,35.598965],[73.325064,35.595865],[73.329198,35.595451],[73.348938,35.597156],[73.354726,35.596846],[73.365678,35.595021],[73.366198,35.594934],[73.373846,35.592402],[73.374308,35.59218],[73.382177,35.588386],[73.382528,35.588216],[73.388316,35.583979],[73.392347,35.580155],[73.39493,35.574832],[73.396687,35.56982],[73.408941,35.549056],[73.409415,35.548253],[73.409477,35.548149],[73.40971,35.547754],[73.442576,35.561758],[73.46393,35.557897],[73.465465,35.55762],[73.465646,35.557587],[73.465727,35.557572],[73.503554,35.534606],[73.504273,35.534169],[73.504369,35.534111],[73.504795,35.533853],[73.566083,35.541811],[73.629541,35.543],[73.757803,35.527108],[73.758422,35.527032],[73.771637,35.522126],[73.77185,35.522047],[73.772065,35.521967],[73.777853,35.505689],[73.778473,35.50233],[73.781677,35.460886],[73.782607,35.456855],[73.784054,35.452928],[73.784674,35.449879],[73.784157,35.44714],[73.78147,35.444659],[73.776923,35.442437],[73.767518,35.439337],[73.742506,35.427761],[73.72752,35.417633],[73.725866,35.415152],[73.724419,35.412465],[73.722869,35.408486],[73.717185,35.397996],[73.69424,35.36637],[73.691553,35.361099],[73.69021,35.35743],[73.6899,35.354536],[73.690623,35.348541],[73.69083,35.345182],[73.687316,35.31769],[73.687109,35.313608],[73.687419,35.310146],[73.688866,35.306735],[73.718425,35.264102],[73.719975,35.258883],[73.720285,35.254645],[73.717598,35.239297],[73.715118,35.234026],[73.714808,35.23015],[73.715531,35.225138],[73.722146,35.215733],[73.72783,35.211547],[73.731514,35.209748],[73.732109,35.209457],[73.732193,35.209416],[73.732274,35.209377],[73.735685,35.209273],[73.738682,35.20979],[73.741886,35.211237],[73.745813,35.213769],[73.766587,35.231236],[73.769895,35.233199],[73.773099,35.234491],[73.776303,35.23506],[73.801211,35.234905],[73.808439,35.233715],[73.809618,35.233521],[73.809686,35.233509],[73.812991,35.232533],[73.821054,35.23015],[73.839348,35.221831],[73.858881,35.204622],[73.863374,35.202715],[73.86423,35.202352],[73.864346,35.202302],[73.864359,35.202297],[73.86994,35.202555],[73.88782,35.208085],[73.897661,35.206927],[73.898362,35.206844],[73.910072,35.203252],[73.914988,35.201744],[73.924304,35.198886],[73.949212,35.172583],[73.954069,35.170723],[73.958101,35.169778],[73.95848,35.169689],[73.958794,35.169615],[73.960684,35.169172],[73.968436,35.17248],[73.976704,35.17434],[73.992275,35.175268],[73.99231,35.17527],[73.994657,35.174759],[73.994821,35.174723],[73.998718,35.173875],[74.002645,35.171291],[74.003989,35.168242],[74.006356,35.165154],[74.006366,35.165142],[74.008534,35.163384],[74.025486,35.149639],[74.031481,35.146796],[74.036188,35.145358],[74.037035,35.145099],[74.037062,35.145091],[74.051612,35.143899],[74.079143,35.141644],[74.079333,35.141629],[74.097268,35.141924],[74.097986,35.141936],[74.098143,35.141939],[74.100368,35.141074],[74.101864,35.140492],[74.102193,35.139999],[74.103518,35.138011],[74.103001,35.134911],[74.101657,35.130622],[74.102381,35.126488],[74.105171,35.121372],[74.119331,35.111243],[74.123051,35.107471],[74.124395,35.105093],[74.124395,35.105088],[74.124401,35.104971],[74.12469,35.099484],[74.124692,35.099454],[74.124696,35.099372],[74.124705,35.099212],[74.124705,35.099205],[74.124705,35.099204],[74.124705,35.099202],[74.124701,35.099201]],"type":"LineString"},"id":"1746705651","properties":{"FCLASS_AR":null,"FCLASS_BD":null,"FCLASS_BR":null,"FCLASS_CN":null,"FCLASS_DE":null,"FCLASS_EG":null,"FCLASS_ES":null,"FCLASS_FR":null,"FCLASS_GB":null,"FCLASS_GR":null,"FCLASS_ID":null,"FCLASS_IL":null,"FCLASS_IN":"International boundary (verify)","FCLASS_ISO":null,"FCLASS_IT":null,"FCLASS_JP":null,"FCLASS_KO":null,"FCLASS_MA":null,"FCLASS_NL":null,"FCLASS_NP":null,"FCLASS_OSM":"Unrecognized","FCLASS_PK":"Unrecognized","FCLASS_PL":null,"FCLASS_PS":null,"FCLASS_PT":null,"FCLASS_RU":"International boundary (verify)","FCLASS_SA":null,"FCLASS_SE":null,"FCLASS_TLC":null,"FCLASS_TR":"Unrecognized","FCLASS_TW":null,"FCLASS_UA":null,"FCLASS_US":null,"FCLASS_VN":null,"adm0_a3_left":"PAK","adm0_a3_right":"PAK","fclass_ru":"International boundary (verify)","feature_class":"Claim boundary","feature_id":"1746705651","name":"Indian claim","ne_id":"1746705651","note":"(Admin. by Pakistan, Claimed by India)"},"type":"Feature"},{"geometry":{"coordinates":[[46.527268,39.538156],[46.576845,39.564235],[46.624439,39.597373]],"type":"LineString"},"id":"1746705669","properties":{"FCLASS_AR":"Unrecognized","FCLASS_BD":"Unrecognized","FCLASS_BR":"Unrecognized","FCLASS_CN":"Unrecognized","FCLASS_DE":null,"FCLASS_EG":"Unrecognized","FCLASS_ES":null,"FCLASS_FR":null,"FCLASS_GB":null,"FCLASS_GR":"Unrecognized","FCLASS_ID":"Unrecognized","FCLASS_IL":"Unrecognized","FCLASS_IN":"Unrecognized","FCLASS_ISO":"Unrecognized","FCLASS_IT":"Unrecognized","FCLASS_JP":"Unrecognized","FCLASS_KO":"Unrecognized","FCLASS_MA":"Unrecognized","FCLASS_NL":null,"FCLASS_NP":"Unrecognized","FCLASS_OSM":"Unrecognized","FCLASS_PK":"Unrecognized","FCLASS_PL":"Unrecognized","FCLASS_PS":"Unrecognized","FCLASS_PT":"Unrecognized","FCLASS_RU":null,"FCLASS_SA":"Unrecognized","FCLASS_SE":null,"FCLASS_TLC":null,"FCLASS_TR":"Unrecognized","FCLASS_TW":"Unrecognized","FCLASS_UA":"Unrecognized","FCLASS_US":null,"FCLASS_VN":"Unrecognized","adm0_a3_left":"AZE","adm0_a3_right":"AZE","fclass_ru":null,"feature_class":"Breakaway","feature_id":"1746705669","name":"Ceasefire Line 2020","ne_id":"1746705669","note":"(Self admin., Claimed by Azer.)"},"type":"Feature"},{"geometry":{"coordinates":[[46.479312,39.578671],[46.514759,39.612081],[46.56687,39.633189]],"type":"LineString"},"id":"1746705677","properties":{"FCLASS_AR":"Unrecognized","FCLASS_BD":"Unrecognized","FCLASS_BR":"Unrecognized","FCLASS_CN":"Unrecognized","FCLASS_DE":null,"FCLASS_EG":"Unrecognized","FCLASS_ES":null,"FCLASS_FR":null,"FCLASS_GB":null,"FCLASS_GR":"Unrecognized","FCLASS_ID":"Unrecognized","FCLASS_IL":"Unrecognized","FCLASS_IN":"Unrecognized","FCLASS_ISO":"Unrecognized","FCLASS_IT":"Unrecognized","FCLASS_JP":"Unrecognized","FCLASS_KO":"Unrecognized","FCLASS_MA":"Unrecognized","FCLASS_NL":null,"FCLASS_NP":"Unrecognized","FCLASS_OSM":"Unrecognized","FCLASS_PK":"Unrecognized","FCLASS_PL":"Unrecognized","FCLASS_PS":"Unrecognized","FCLASS_PT":"Unrecognized","FCLASS_RU":null,"FCLASS_SA":"Unrecognized","FCLASS_SE":null,"FCLASS_TLC":null,"FCLASS_TR":"Unrecognized","FCLASS_TW":"Unrecognized","FCLASS_UA":"Unrecognized","FCLASS_US":null,"FCLASS_VN":"Unrecognized","adm0_a3_left":"AZE","adm0_a3_right":"AZE","fclass_ru":null,"feature_class":"Breakaway","feature_id":"1746705677","name":"Ceasefire Line 2020","ne_id":"1746705677","note":"(Self admin., Claimed by Azer.)"},"type":"Feature"},{"geometry":{"coordinates":[[47.181698,39.853279],[47.203353,39.812891]],"type":"LineString"},"id":"1746705687","properties":{"FCLASS_AR":"Unrecognized","FCLASS_BD":"Unrecognized","FCLASS_BR":"Unrecognized","FCLASS_CN":"Unrecognized","FCLASS_DE":null,"FCLASS_EG":"Unrecognized","FCLASS_ES":null,"FCLASS_FR":null,"FCLASS_GB":null,"FCLASS_GR":"Unrecognized","FCLASS_ID":"Unrecognized","FCLASS_IL":"Unrecognized","FCLASS_IN":"Unrecognized","FCLASS_ISO":"Unrecognized","FCLASS_IT":"Unrecognized","FCLASS_JP":"Unrecognized","FCLASS_KO":"Unrecognized","FCLASS_MA":"Unrecognized","FCLASS_NL":null,"FCLASS_NP":"Unrecognized","FCLASS_OSM":"Unrecognized","FCLASS_PK":"Unrecognized","FCLASS_PL":"Unrecognized","FCLASS_PS":"Unrecognized","FCLASS_PT":"Unrecognized","FCLASS_RU":null,"FCLASS_SA":"Unrecognized","FCLASS_SE":null,"FCLASS_TLC":null,"FCLASS_TR":"Unrecognized","FCLASS_TW":"Unrecognized","FCLASS_UA":"Unrecognized","FCLASS_US":null,"FCLASS_VN":"Unrecognized","adm0_a3_left":"AZE","adm0_a3_right":"AZE","fclass_ru":null,"feature_class":"Breakaway","feature_id":"1746705687","name":"Ceasefire Line 2020","ne_id":"1746705687","note":"(Self admin., Claimed by Azer.)"},"type":"Feature"},{"geometry":{"coordinates":[[47.203353,39.812891],[47.164608,39.776602],[47.097546,39.743092],[47.023777,39.695808],[46.960068,39.698388],[46.915813,39.714122],[46.8768,39.724612],[46.822033,39.731489],[46.761889,39.720042],[46.731104,39.697017],[46.696353,39.669053]],"type":"LineString"},"id":"1746705695","properties":{"FCLASS_AR":"Unrecognized","FCLASS_BD":"Unrecognized","FCLASS_BR":"Unrecognized","FCLASS_CN":"Unrecognized","FCLASS_DE":null,"FCLASS_EG":"Unrecognized","FCLASS_ES":null,"FCLASS_FR":null,"FCLASS_GB":null,"FCLASS_GR":"Unrecognized","FCLASS_ID":"Unrecognized","FCLASS_IL":"Unrecognized","FCLASS_IN":"Unrecognized","FCLASS_ISO":"Unrecognized","FCLASS_IT":"Unrecognized","FCLASS_JP":"Unrecognized","FCLASS_KO":"Unrecognized","FCLASS_MA":"Unrecognized","FCLASS_NL":null,"FCLASS_NP":"Unrecognized","FCLASS_OSM":"Unrecognized","FCLASS_PK":"Unrecognized","FCLASS_PL":"Unrecognized","FCLASS_PS":"Unrecognized","FCLASS_PT":"Unrecognized","FCLASS_RU":null,"FCLASS_SA":"Unrecognized","FCLASS_SE":null,"FCLASS_TLC":null,"FCLASS_TR":"Unrecognized","FCLASS_TW":"Unrecognized","FCLASS_UA":"Unrecognized","FCLASS_US":null,"FCLASS_VN":"Unrecognized","adm0_a3_left":"AZE","adm0_a3_right":"AZE","fclass_ru":null,"feature_class":"Breakaway","feature_id":"1746705695","name":"Ceasefire Line 2020","ne_id":"1746705695","note":"(Self admin., Claimed by Azer.)"},"type":"Feature"},{"geometry":{"coordinates":[[46.462363,40.282504],[46.464689,40.261647],[46.410614,40.234132],[46.352534,40.228016],[46.314671,40.243488]],"type":"LineString"},"id":"1746705703","properties":{"FCLASS_AR":"Unrecognized","FCLASS_BD":"Unrecognized","FCLASS_BR":"Unrecognized","FCLASS_CN":"Unrecognized","FCLASS_DE":null,"FCLASS_EG":"Unrecognized","FCLASS_ES":null,"FCLASS_FR":null,"FCLASS_GB":null,"FCLASS_GR":"Unrecognized","FCLASS_ID":"Unrecognized","FCLASS_IL":"Unrecognized","FCLASS_IN":"Unrecognized","FCLASS_ISO":"Unrecognized","FCLASS_IT":"Unrecognized","FCLASS_JP":"Unrecognized","FCLASS_KO":"Unrecognized","FCLASS_MA":"Unrecognized","FCLASS_NL":null,"FCLASS_NP":"Unrecognized","FCLASS_OSM":"Unrecognized","FCLASS_PK":"Unrecognized","FCLASS_PL":"Unrecognized","FCLASS_PS":"Unrecognized","FCLASS_PT":"Unrecognized","FCLASS_RU":null,"FCLASS_SA":"Unrecognized","FCLASS_SE":null,"FCLASS_TLC":null,"FCLASS_TR":"Unrecognized","FCLASS_TW":"Unrecognized","FCLASS_UA":"Unrecognized","FCLASS_US":null,"FCLASS_VN":"Unrecognized","adm0_a3_left":"AZE","adm0_a3_right":"AZE","fclass_ru":null,"feature_class":"Breakaway","feature_id":"1746705703","name":"Ceasefire Line 2020","ne_id":"1746705703","note":"(Self admin., Claimed by Azer.)"},"type":"Feature"},{"geometry":{"coordinates":[[46.624166,39.59773],[46.605816,39.626161],[46.599615,39.633189],[46.56687,39.633189]],"type":"LineString"},"id":"1746705713","properties":{"FCLASS_AR":"Unrecognized","FCLASS_BD":"Unrecognized","FCLASS_BR":"Unrecognized","FCLASS_CN":"Unrecognized","FCLASS_DE":"Unrecognized","FCLASS_EG":"Unrecognized","FCLASS_ES":"Unrecognized","FCLASS_FR":"Unrecognized","FCLASS_GB":"Unrecognized","FCLASS_GR":"Unrecognized","FCLASS_ID":"Unrecognized","FCLASS_IL":"Unrecognized","FCLASS_IN":"Unrecognized","FCLASS_ISO":"Unrecognized","FCLASS_IT":"Unrecognized","FCLASS_JP":"Unrecognized","FCLASS_KO":"Unrecognized","FCLASS_MA":"Unrecognized","FCLASS_NL":"Unrecognized","FCLASS_NP":"Unrecognized","FCLASS_OSM":"Unrecognized","FCLASS_PK":"Unrecognized","FCLASS_PL":"Unrecognized","FCLASS_PS":"Unrecognized","FCLASS_PT":"Unrecognized","FCLASS_RU":"Unrecognized","FCLASS_SA":"Unrecognized","FCLASS_SE":"Unrecognized","FCLASS_TLC":null,"FCLASS_TR":"Unrecognized","FCLASS_TW":"Unrecognized","FCLASS_UA":"Unrecognized","FCLASS_US":"Unrecognized","FCLASS_VN":"Unrecognized","adm0_a3_left":"AZE","adm0_a3_right":"AZE","fclass_ru":"Unrecognized","feature_class":"Reference line","feature_id":"1746705713","name":"Former USSR oblast in 1991","ne_id":"1746705713","note":"(Self admin., Claimed by Azer.)"},"type":"Feature"},{"geometry":{"coordinates":[[46.56687,39.633189],[46.566852,39.633189],[46.566852,39.659699],[46.560651,39.673704],[46.551246,39.68161],[46.551246,39.686945],[46.551246,39.705071],[46.554408,39.706895],[46.55662,39.708172],[46.577704,39.708172],[46.582355,39.715923],[46.580753,39.726827],[46.570676,39.747136],[46.567869,39.760908],[46.566852,39.765894],[46.569953,39.795505],[46.564475,39.814315],[46.552796,39.827544],[46.555018,39.847026],[46.537087,39.857982],[46.513005,39.889194],[46.498123,39.907074],[46.481689,39.911053],[46.465463,39.921182],[46.460709,39.931311],[46.458332,39.946917],[46.458332,39.961521],[46.458332,39.965675],[46.438075,39.979783],[46.418438,39.999213]],"type":"LineString"},"id":"1746705727","properties":{"FCLASS_AR":"Unrecognized","FCLASS_BD":"Unrecognized","FCLASS_BR":"Unrecognized","FCLASS_CN":"Unrecognized","FCLASS_DE":"Unrecognized","FCLASS_EG":"Unrecognized","FCLASS_ES":"Unrecognized","FCLASS_FR":"Unrecognized","FCLASS_GB":"Unrecognized","FCLASS_GR":"Unrecognized","FCLASS_ID":"Unrecognized","FCLASS_IL":"Unrecognized","FCLASS_IN":"Unrecognized","FCLASS_ISO":"Unrecognized","FCLASS_IT":"Unrecognized","FCLASS_JP":"Unrecognized","FCLASS_KO":"Unrecognized","FCLASS_MA":"Unrecognized","FCLASS_NL":"Unrecognized","FCLASS_NP":"Unrecognized","FCLASS_OSM":"Unrecognized","FCLASS_PK":"Unrecognized","FCLASS_PL":"Unrecognized","FCLASS_PS":"Unrecognized","FCLASS_PT":"Unrecognized","FCLASS_RU":"Unrecognized","FCLASS_SA":"Unrecognized","FCLASS_SE":"Unrecognized","FCLASS_TLC":null,"FCLASS_TR":"Unrecognized","FCLASS_TW":"Unrecognized","FCLASS_UA":"Unrecognized","FCLASS_US":"Unrecognized","FCLASS_VN":"Unrecognized","adm0_a3_left":"AZE","adm0_a3_right":"AZE","fclass_ru":"Unrecognized","feature_class":"Reference line","feature_id":"1746705727","name":"Former USSR oblast in 1991","ne_id":"1746705727","note":"(Self admin., Claimed by Azer.)"},"type":"Feature"},{"geometry":{"coordinates":[[47.017781,40.246537],[47.01158,40.242713],[46.98817,40.238837],[46.969515,40.241938],[46.949155,40.248087],[46.939698,40.252841],[46.928897,40.252066],[46.922593,40.244211],[46.92342,40.234858],[46.933548,40.223954],[46.933019,40.221596],[46.931274,40.213826],[46.92522,40.208966],[46.92342,40.207521],[46.907813,40.20132],[46.900785,40.198219],[46.893086,40.195894],[46.879856,40.202095],[46.872725,40.20132],[46.859496,40.196669],[46.827405,40.178686],[46.821204,40.172433],[46.82203,40.167007],[46.830609,40.160754],[46.830018,40.15629],[46.829782,40.154501],[46.823747,40.154102],[46.818051,40.153726],[46.804047,40.157602],[46.790715,40.152899],[46.770406,40.135742],[46.758779,40.117811],[46.746996,40.099879],[46.750149,40.091249],[46.763533,40.083446],[46.765083,40.078795],[46.749373,40.07094],[46.733664,40.063964],[46.73249,40.062963],[46.718988,40.051458],[46.701004,40.046032],[46.677543,40.043603],[46.67992,40.036679],[46.680747,40.027325],[46.699454,40.0281],[46.718959,40.027354],[46.719711,40.027325],[46.743896,40.022674],[46.767357,40.021899],[46.802393,40.021899],[46.814176,40.019522],[46.825855,40.010117],[46.838309,39.999213],[46.844665,39.977458],[46.843011,39.959423],[46.84143,39.954851],[46.83681,39.941491],[46.833606,39.921182],[46.839911,39.919632],[46.843941,39.923611],[46.852365,39.930535],[46.852365,39.923611],[46.855517,39.91803],[46.866779,39.929962],[46.879856,39.943816],[46.896134,39.954772],[46.903059,39.953996],[46.907813,39.949346],[46.914118,39.943816],[46.925797,39.93839],[46.929724,39.932086],[46.929724,39.906299],[46.921869,39.886042],[46.910914,39.865733],[46.902336,39.85638],[46.891795,39.852182],[46.890657,39.851729],[46.875877,39.842375],[46.867299,39.833745],[46.867299,39.826769],[46.870571,39.823466],[46.872725,39.821291],[46.882905,39.822067],[46.903059,39.83142],[46.919544,39.836846],[46.929724,39.844701],[46.933548,39.852452],[46.937372,39.868937],[46.9444,39.878962],[46.957733,39.887592],[46.999746,39.896997],[47.012406,39.895447],[47.031837,39.885267],[47.045789,39.886042],[47.077932,39.891468],[47.090438,39.889918],[47.11855,39.872813],[47.145835,39.857207],[47.165265,39.850954],[47.175145,39.850255],[47.176221,39.850179],[47.181698,39.853279]],"type":"LineString"},"id":"1746705737","properties":{"FCLASS_AR":"Unrecognized","FCLASS_BD":"Unrecognized","FCLASS_BR":"Unrecognized","FCLASS_CN":"Unrecognized","FCLASS_DE":null,"FCLASS_EG":"Unrecognized","FCLASS_ES":null,"FCLASS_FR":null,"FCLASS_GB":null,"FCLASS_GR":"Unrecognized","FCLASS_ID":"Unrecognized","FCLASS_IL":"Unrecognized","FCLASS_IN":"Unrecognized","FCLASS_ISO":"Unrecognized","FCLASS_IT":"Unrecognized","FCLASS_JP":"Unrecognized","FCLASS_KO":"Unrecognized","FCLASS_MA":"Unrecognized","FCLASS_NL":null,"FCLASS_NP":"Unrecognized","FCLASS_OSM":"Unrecognized","FCLASS_PK":"Unrecognized","FCLASS_PL":"Unrecognized","FCLASS_PS":"Unrecognized","FCLASS_PT":"Unrecognized","FCLASS_RU":null,"FCLASS_SA":"Unrecognized","FCLASS_SE":null,"FCLASS_TLC":null,"FCLASS_TR":"Unrecognized","FCLASS_TW":"Unrecognized","FCLASS_UA":"Unrecognized","FCLASS_US":null,"FCLASS_VN":"Unrecognized","adm0_a3_left":"AZE","adm0_a3_right":"AZE","fclass_ru":null,"feature_class":"Breakaway","feature_id":"1746705737","name":"Ceasefire Line 2020","ne_id":"1746705737","note":"(Self admin., Claimed by Azer.)"},"type":"Feature"},{"geometry":{"coordinates":[[46.418438,39.999213],[46.408516,40.018747],[46.398284,40.034405],[46.390429,40.038953],[46.377923,40.040503],[46.356943,40.038177],[46.345884,40.037402],[46.337306,40.04133],[46.337306,40.048358],[46.346711,40.063189],[46.367071,40.087373],[46.374823,40.09435],[46.377923,40.10298],[46.369345,40.110783],[46.357769,40.10608],[46.346711,40.099879],[46.336479,40.099879],[46.329554,40.10453],[46.331104,40.110008],[46.337306,40.115485],[46.333378,40.121687],[46.317048,40.121687],[46.313121,40.124787],[46.318599,40.136518],[46.322423,40.144321],[46.315343,40.148972],[46.317048,40.161529],[46.309865,40.164681],[46.30537,40.158377],[46.301442,40.149747],[46.297618,40.148972],[46.291365,40.156051],[46.293691,40.188091],[46.307747,40.19424],[46.317772,40.19977],[46.318599,40.219252],[46.314671,40.243488]],"type":"LineString"},"id":"1746705745","properties":{"FCLASS_AR":"Unrecognized","FCLASS_BD":"Unrecognized","FCLASS_BR":"Unrecognized","FCLASS_CN":"Unrecognized","FCLASS_DE":null,"FCLASS_EG":"Unrecognized","FCLASS_ES":null,"FCLASS_FR":null,"FCLASS_GB":null,"FCLASS_GR":"Unrecognized","FCLASS_ID":"Unrecognized","FCLASS_IL":"Unrecognized","FCLASS_IN":"Unrecognized","FCLASS_ISO":"Unrecognized","FCLASS_IT":"Unrecognized","FCLASS_JP":"Unrecognized","FCLASS_KO":"Unrecognized","FCLASS_MA":"Unrecognized","FCLASS_NL":null,"FCLASS_NP":"Unrecognized","FCLASS_OSM":"Unrecognized","FCLASS_PK":"Unrecognized","FCLASS_PL":"Unrecognized","FCLASS_PS":"Unrecognized","FCLASS_PT":"Unrecognized","FCLASS_RU":null,"FCLASS_SA":"Unrecognized","FCLASS_SE":null,"FCLASS_TLC":null,"FCLASS_TR":"Unrecognized","FCLASS_TW":"Unrecognized","FCLASS_UA":"Unrecognized","FCLASS_US":null,"FCLASS_VN":"Unrecognized","adm0_a3_left":"AZE","adm0_a3_right":"AZE","fclass_ru":null,"feature_class":"Breakaway","feature_id":"1746705745","name":"Ceasefire Line 2020","ne_id":"1746705745","note":"(Self admin., Claimed by Azer.)"},"type":"Feature"},{"geometry":{"coordinates":[[46.56687,39.633189],[46.566852,39.633189],[46.566852,39.659699],[46.560651,39.673704],[46.551246,39.68161],[46.551246,39.686945],[46.551246,39.705071],[46.554408,39.706895],[46.55662,39.708172],[46.577704,39.708172],[46.582355,39.715923],[46.580753,39.726827],[46.570676,39.747136],[46.567869,39.760908],[46.566852,39.765894],[46.569953,39.795505],[46.564475,39.814315],[46.552796,39.827544],[46.555018,39.847026],[46.537087,39.857982],[46.513005,39.889194],[46.498123,39.907074],[46.481689,39.911053],[46.465463,39.921182],[46.460709,39.931311],[46.458332,39.946917],[46.458332,39.961521],[46.458332,39.965675],[46.438075,39.979783],[46.418438,39.999213]],"type":"LineString"},"id":"1746705757","properties":{"FCLASS_AR":"Unrecognized","FCLASS_BD":"Unrecognized","FCLASS_BR":"Unrecognized","FCLASS_CN":"Unrecognized","FCLASS_DE":null,"FCLASS_EG":"Unrecognized","FCLASS_ES":null,"FCLASS_FR":null,"FCLASS_GB":null,"FCLASS_GR":"Unrecognized","FCLASS_ID":"Unrecognized","FCLASS_IL":"Unrecognized","FCLASS_IN":"Unrecognized","FCLASS_ISO":"Unrecognized","FCLASS_IT":"Unrecognized","FCLASS_JP":"Unrecognized","FCLASS_KO":"Unrecognized","FCLASS_MA":"Unrecognized","FCLASS_NL":null,"FCLASS_NP":"Unrecognized","FCLASS_OSM":"Unrecognized","FCLASS_PK":"Unrecognized","FCLASS_PL":"Unrecognized","FCLASS_PS":"Unrecognized","FCLASS_PT":"Unrecognized","FCLASS_RU":null,"FCLASS_SA":"Unrecognized","FCLASS_SE":null,"FCLASS_TLC":null,"FCLASS_TR":"Unrecognized","FCLASS_TW":"Unrecognized","FCLASS_UA":"Unrecognized","FCLASS_US":null,"FCLASS_VN":"Unrecognized","adm0_a3_left":"AZE","adm0_a3_right":"AZE","fclass_ru":null,"feature_class":"Breakaway","feature_id":"1746705757","name":"Ceasefire Line 2020","ne_id":"1746705757","note":"(Self admin., Claimed by Azer.)"},"type":"Feature"},{"geometry":{"coordinates":[[46.696353,39.669053],[46.681471,39.669053],[46.665141,39.665229],[46.661607,39.633606],[46.661213,39.630089],[46.655787,39.610607],[46.638228,39.603212],[46.624575,39.597432],[46.624439,39.597373]],"type":"LineString"},"id":"1746705769","properties":{"FCLASS_AR":"Unrecognized","FCLASS_BD":"Unrecognized","FCLASS_BR":"Unrecognized","FCLASS_CN":"Unrecognized","FCLASS_DE":null,"FCLASS_EG":"Unrecognized","FCLASS_ES":null,"FCLASS_FR":null,"FCLASS_GB":null,"FCLASS_GR":"Unrecognized","FCLASS_ID":"Unrecognized","FCLASS_IL":"Unrecognized","FCLASS_IN":"Unrecognized","FCLASS_ISO":"Unrecognized","FCLASS_IT":"Unrecognized","FCLASS_JP":"Unrecognized","FCLASS_KO":"Unrecognized","FCLASS_MA":"Unrecognized","FCLASS_NL":null,"FCLASS_NP":"Unrecognized","FCLASS_OSM":"Unrecognized","FCLASS_PK":"Unrecognized","FCLASS_PL":"Unrecognized","FCLASS_PS":"Unrecognized","FCLASS_PT":"Unrecognized","FCLASS_RU":null,"FCLASS_SA":"Unrecognized","FCLASS_SE":null,"FCLASS_TLC":null,"FCLASS_TR":"Unrecognized","FCLASS_TW":"Unrecognized","FCLASS_UA":"Unrecognized","FCLASS_US":null,"FCLASS_VN":"Unrecognized","adm0_a3_left":"AZE","adm0_a3_right":"AZE","fclass_ru":null,"feature_class":"Breakaway","feature_id":"1746705769","name":"Ceasefire Line 2020","ne_id":"1746705769","note":"(Self admin., Claimed by Azer.)"},"type":"Feature"},{"geometry":{"coordinates":[[46.461967,40.282399],[46.462363,40.282504],[46.523031,40.308962],[46.540876,40.319539],[46.544218,40.321519],[46.554295,40.330769],[46.555028,40.333732],[46.55662,40.340174],[46.569953,40.349528],[46.575214,40.349528],[46.583079,40.349528],[46.586723,40.352931],[46.594809,40.360483],[46.615273,40.370612],[46.649535,40.38074],[46.66049,40.382291],[46.672996,40.38937],[46.684571,40.398672],[46.696353,40.4026],[46.703381,40.406527],[46.726842,40.412728]],"type":"LineString"},"id":"1746705781","properties":{"FCLASS_AR":"Unrecognized","FCLASS_BD":"Unrecognized","FCLASS_BR":"Unrecognized","FCLASS_CN":"Unrecognized","FCLASS_DE":null,"FCLASS_EG":"Unrecognized","FCLASS_ES":null,"FCLASS_FR":null,"FCLASS_GB":null,"FCLASS_GR":"Unrecognized","FCLASS_ID":"Unrecognized","FCLASS_IL":"Unrecognized","FCLASS_IN":"Unrecognized","FCLASS_ISO":"Unrecognized","FCLASS_IT":"Unrecognized","FCLASS_JP":"Unrecognized","FCLASS_KO":"Unrecognized","FCLASS_MA":"Unrecognized","FCLASS_NL":null,"FCLASS_NP":"Unrecognized","FCLASS_OSM":"Unrecognized","FCLASS_PK":"Unrecognized","FCLASS_PL":"Unrecognized","FCLASS_PS":"Unrecognized","FCLASS_PT":"Unrecognized","FCLASS_RU":null,"FCLASS_SA":"Unrecognized","FCLASS_SE":null,"FCLASS_TLC":null,"FCLASS_TR":"Unrecognized","FCLASS_TW":"Unrecognized","FCLASS_UA":"Unrecognized","FCLASS_US":null,"FCLASS_VN":"Unrecognized","adm0_a3_left":"AZE","adm0_a3_right":"AZE","fclass_ru":null,"feature_class":"Breakaway","feature_id":"1746705781","name":"Ceasefire Line 2020","ne_id":"1746705781","note":"(Self admin., Claimed by Azer.)"},"type":"Feature"},{"geometry":{"coordinates":[[35.666178,33.246903],[35.685224,33.243969],[35.678708,33.225103],[35.668182,33.212104],[35.661296,33.212897]],"type":"LineString"},"id":"1746705847","properties":{"FCLASS_AR":null,"FCLASS_BD":"Unrecognized","FCLASS_BR":null,"FCLASS_CN":null,"FCLASS_DE":null,"FCLASS_EG":"Unrecognized","FCLASS_ES":null,"FCLASS_FR":null,"FCLASS_GB":null,"FCLASS_GR":null,"FCLASS_ID":"Unrecognized","FCLASS_IL":"Unrecognized","FCLASS_IN":null,"FCLASS_ISO":"Unrecognized","FCLASS_IT":null,"FCLASS_JP":null,"FCLASS_KO":null,"FCLASS_MA":null,"FCLASS_NL":null,"FCLASS_NP":null,"FCLASS_OSM":"Unrecognized","FCLASS_PK":"Unrecognized","FCLASS_PL":null,"FCLASS_PS":"Unrecognized","FCLASS_PT":null,"FCLASS_RU":"Unrecognized","FCLASS_SA":"Unrecognized","FCLASS_SE":null,"FCLASS_TLC":null,"FCLASS_TR":null,"FCLASS_TW":null,"FCLASS_UA":null,"FCLASS_US":null,"FCLASS_VN":null,"adm0_a3_left":"ISR","adm0_a3_right":"ISR","fclass_ru":"Unrecognized","feature_class":"Reference line","feature_id":"1746705847","name":"DMZ","ne_id":"1746705847","note":"(DMZ 1949)"},"type":"Feature"},{"geometry":{"coordinates":[[35.636856,33.077181],[35.645878,33.07046],[35.635352,33.03181],[35.632345,33.007855],[35.625829,32.910707],[35.613058,32.895393]],"type":"LineString"},"id":"1746705859","properties":{"FCLASS_AR":null,"FCLASS_BD":"Unrecognized","FCLASS_BR":null,"FCLASS_CN":null,"FCLASS_DE":null,"FCLASS_EG":"Unrecognized","FCLASS_ES":null,"FCLASS_FR":null,"FCLASS_GB":null,"FCLASS_GR":null,"FCLASS_ID":"Unrecognized","FCLASS_IL":"Unrecognized","FCLASS_IN":null,"FCLASS_ISO":"Unrecognized","FCLASS_IT":null,"FCLASS_JP":null,"FCLASS_KO":null,"FCLASS_MA":null,"FCLASS_NL":null,"FCLASS_NP":null,"FCLASS_OSM":"Unrecognized","FCLASS_PK":"Unrecognized","FCLASS_PL":null,"FCLASS_PS":"Unrecognized","FCLASS_PT":null,"FCLASS_RU":"Unrecognized","FCLASS_SA":"Unrecognized","FCLASS_SE":null,"FCLASS_TLC":null,"FCLASS_TR":null,"FCLASS_TW":null,"FCLASS_UA":null,"FCLASS_US":null,"FCLASS_VN":null,"adm0_a3_left":"ISR","adm0_a3_right":"ISR","fclass_ru":"Unrecognized","feature_class":"Reference line","feature_id":"1746705859","name":"DMZ","ne_id":"1746705859","note":"(DMZ 1949)"},"type":"Feature"},{"geometry":{"coordinates":[[35.641369,32.820478],[35.655387,32.809641],[35.658118,32.771744],[35.639654,32.705054],[35.639649,32.688579],[35.640378,32.678989]],"type":"LineString"},"id":"1746705871","properties":{"FCLASS_AR":null,"FCLASS_BD":"Unrecognized","FCLASS_BR":null,"FCLASS_CN":null,"FCLASS_DE":null,"FCLASS_EG":"Unrecognized","FCLASS_ES":null,"FCLASS_FR":null,"FCLASS_GB":null,"FCLASS_GR":null,"FCLASS_ID":"Unrecognized","FCLASS_IL":"Unrecognized","FCLASS_IN":null,"FCLASS_ISO":"Unrecognized","FCLASS_IT":null,"FCLASS_JP":null,"FCLASS_KO":null,"FCLASS_MA":null,"FCLASS_NL":null,"FCLASS_NP":null,"FCLASS_OSM":"Unrecognized","FCLASS_PK":"Unrecognized","FCLASS_PL":null,"FCLASS_PS":"Unrecognized","FCLASS_PT":null,"FCLASS_RU":"Unrecognized","FCLASS_SA":"Unrecognized","FCLASS_SE":null,"FCLASS_TLC":null,"FCLASS_TR":null,"FCLASS_TW":null,"FCLASS_UA":null,"FCLASS_US":null,"FCLASS_VN":null,"adm0_a3_left":"ISR","adm0_a3_right":"ISR","fclass_ru":"Unrecognized","feature_class":"Reference line","feature_id":"1746705871","name":"DMZ","ne_id":"1746705871","note":"(DMZ 1949)"},"type":"Feature"},{"geometry":{"coordinates":[[35.226991,31.744401],[35.236157,31.745085],[35.243295,31.751299],[35.242106,31.758621],[35.233552,31.761318],[35.230492,31.76233],[35.230492,31.766472],[35.232758,31.768784],[35.231512,31.772059],[35.228793,31.7736],[35.228113,31.777741],[35.228566,31.78978],[35.225622,31.796433]],"type":"LineString"},"id":"1746705881","properties":{"FCLASS_AR":null,"FCLASS_BD":"Unrecognized","FCLASS_BR":null,"FCLASS_CN":null,"FCLASS_DE":null,"FCLASS_EG":null,"FCLASS_ES":null,"FCLASS_FR":null,"FCLASS_GB":null,"FCLASS_GR":null,"FCLASS_ID":"Line of control (please verify)","FCLASS_IL":"Unrecognized","FCLASS_IN":null,"FCLASS_ISO":null,"FCLASS_IT":null,"FCLASS_JP":null,"FCLASS_KO":null,"FCLASS_MA":null,"FCLASS_NL":null,"FCLASS_NP":null,"FCLASS_OSM":"Unrecognized","FCLASS_PK":"Unrecognized","FCLASS_PL":null,"FCLASS_PS":null,"FCLASS_PT":null,"FCLASS_RU":null,"FCLASS_SA":"Unrecognized","FCLASS_SE":null,"FCLASS_TLC":null,"FCLASS_TR":null,"FCLASS_TW":null,"FCLASS_UA":null,"FCLASS_US":null,"FCLASS_VN":null,"adm0_a3_left":null,"adm0_a3_right":null,"fclass_ru":null,"feature_class":"Reference line","feature_id":"1746705881","name":null,"ne_id":"1746705881","note":"Jerusalem"},"type":"Feature"},{"geometry":{"coordinates":[[35.240123,31.799988],[35.243069,31.798832],[35.245448,31.801432],[35.249753,31.801913],[35.252133,31.799699],[35.252133,31.797002],[35.2493,31.794884],[35.24828,31.789587],[35.249753,31.786987],[35.251906,31.786602],[35.251906,31.784483],[35.248394,31.784579],[35.246581,31.787276],[35.247034,31.788432],[35.244428,31.791513],[35.240463,31.792669],[35.240236,31.795365],[35.238083,31.798062],[35.240123,31.799988]],"type":"LineString"},"id":"1746705891","properties":{"FCLASS_AR":null,"FCLASS_BD":"Unrecognized","FCLASS_BR":null,"FCLASS_CN":null,"FCLASS_DE":null,"FCLASS_EG":null,"FCLASS_ES":null,"FCLASS_FR":null,"FCLASS_GB":null,"FCLASS_GR":null,"FCLASS_ID":"Line of control (please verify)","FCLASS_IL":"Unrecognized","FCLASS_IN":null,"FCLASS_ISO":null,"FCLASS_IT":null,"FCLASS_JP":null,"FCLASS_KO":null,"FCLASS_MA":null,"FCLASS_NL":null,"FCLASS_NP":null,"FCLASS_OSM":"Unrecognized","FCLASS_PK":"Unrecognized","FCLASS_PL":null,"FCLASS_PS":null,"FCLASS_PT":null,"FCLASS_RU":null,"FCLASS_SA":"Unrecognized","FCLASS_SE":null,"FCLASS_TLC":null,"FCLASS_TR":null,"FCLASS_TW":null,"FCLASS_UA":null,"FCLASS_US":null,"FCLASS_VN":null,"adm0_a3_left":null,"adm0_a3_right":null,"fclass_ru":null,"feature_class":"Reference line","feature_id":"1746705891","name":null,"ne_id":"1746705891","note":"Jerusalem"},"type":"Feature"},{"geometry":{"coordinates":[[35.186167,31.80874],[35.186167,31.80874],[35.197752,31.809865],[35.223807,31.801254],[35.225622,31.796433],[35.225622,31.796433],[35.224034,31.795365],[35.22732,31.788528],[35.226414,31.777549],[35.227404,31.77244],[35.229473,31.771288],[35.228344,31.757608],[35.224488,31.757224],[35.224034,31.751251],[35.225393,31.750063],[35.223921,31.745952],[35.224488,31.74441],[35.226991,31.744401],[35.226991,31.744401],[35.222649,31.734553],[35.219389,31.7341],[35.216532,31.735908],[35.209524,31.74681],[35.209332,31.747109],[35.209128,31.747109],[35.199199,31.747109],[35.182119,31.743416],[35.149004,31.737312]],"type":"LineString"},"id":"1746705899","properties":{"FCLASS_AR":null,"FCLASS_BD":"Unrecognized","FCLASS_BR":null,"FCLASS_CN":null,"FCLASS_DE":null,"FCLASS_EG":null,"FCLASS_ES":null,"FCLASS_FR":null,"FCLASS_GB":null,"FCLASS_GR":null,"FCLASS_ID":"Line of control (please verify)","FCLASS_IL":"Unrecognized","FCLASS_IN":null,"FCLASS_ISO":null,"FCLASS_IT":null,"FCLASS_JP":null,"FCLASS_KO":null,"FCLASS_MA":null,"FCLASS_NL":null,"FCLASS_NP":null,"FCLASS_OSM":"Unrecognized","FCLASS_PK":"Unrecognized","FCLASS_PL":null,"FCLASS_PS":null,"FCLASS_PT":null,"FCLASS_RU":null,"FCLASS_SA":"Unrecognized","FCLASS_SE":null,"FCLASS_TLC":null,"FCLASS_TR":null,"FCLASS_TW":null,"FCLASS_UA":null,"FCLASS_US":null,"FCLASS_VN":null,"adm0_a3_left":"PSX","adm0_a3_right":"ISR","fclass_ru":null,"feature_class":"Claim boundary","feature_id":"1746705899","name":"Palestinian claim","ne_id":"1746705899","note":"Jerusalem Green Line"},"type":"Feature"},{"geometry":{"coordinates":[[34.986695,31.967228],[34.978971,31.968636],[34.986076,31.957881],[34.997266,31.928079],[35.019995,31.91691],[35.02767,31.891688],[35.024823,31.868878],[34.998481,31.871271],[34.967384,31.864252],[34.959074,31.858484],[34.959191,31.853985],[34.959323,31.848932],[34.959461,31.843643],[34.962432,31.82934],[34.973828,31.816901],[34.987766,31.814803],[35.003372,31.814648],[35.010503,31.815889],[35.027794,31.81756],[35.042649,31.824292],[35.052552,31.835651],[35.059717,31.841869],[35.06773,31.842007],[35.101927,31.823887],[35.112472,31.823963]],"type":"LineString"},"id":"1746705907","properties":{"FCLASS_AR":null,"FCLASS_BD":"Unrecognized","FCLASS_BR":null,"FCLASS_CN":null,"FCLASS_DE":null,"FCLASS_EG":null,"FCLASS_ES":null,"FCLASS_FR":null,"FCLASS_GB":null,"FCLASS_GR":null,"FCLASS_ID":"Line of control (please verify)","FCLASS_IL":"Unrecognized","FCLASS_IN":null,"FCLASS_ISO":null,"FCLASS_IT":null,"FCLASS_JP":null,"FCLASS_KO":null,"FCLASS_MA":null,"FCLASS_NL":null,"FCLASS_NP":null,"FCLASS_OSM":"Unrecognized","FCLASS_PK":"Unrecognized","FCLASS_PL":null,"FCLASS_PS":null,"FCLASS_PT":null,"FCLASS_RU":null,"FCLASS_SA":"Unrecognized","FCLASS_SE":null,"FCLASS_TLC":null,"FCLASS_TR":null,"FCLASS_TW":null,"FCLASS_UA":null,"FCLASS_US":null,"FCLASS_VN":null,"adm0_a3_left":"PSX","adm0_a3_right":"ISR","fclass_ru":null,"feature_class":"Claim boundary","feature_id":"1746705907","name":"Palestinian claim","ne_id":"1746705907","note":"No Man's Land (Fort Latrun)"},"type":"Feature"},{"geometry":{"coordinates":[[38.304885,48.454682],[38.304928,48.454614],[38.310199,48.449963],[38.323687,48.443167],[38.33242,48.440558],[38.339862,48.439421],[38.345288,48.439266],[38.351024,48.438232],[38.364201,48.4326],[38.370092,48.431824],[38.375363,48.432109],[38.379601,48.433736],[38.383115,48.435907],[38.389678,48.441281],[38.393398,48.443503],[38.399135,48.442315],[38.406266,48.437354],[38.417118,48.424125],[38.421149,48.416942],[38.423629,48.411309],[38.424559,48.408027],[38.42611,48.404901],[38.429985,48.401232],[38.435721,48.397124],[38.457012,48.385626],[38.466779,48.376169],[38.480577,48.357617],[38.482747,48.352863],[38.482747,48.350744],[38.481972,48.347644],[38.480422,48.344233],[38.478096,48.341029],[38.474841,48.33829],[38.471275,48.336146],[38.467244,48.334518],[38.463213,48.333484],[38.417583,48.328368],[38.414637,48.327696],[38.412002,48.326482],[38.409832,48.324131],[38.409677,48.321134],[38.409987,48.317749],[38.412932,48.310462],[38.419133,48.298939],[38.423629,48.285632],[38.42673,48.282066],[38.432311,48.278656],[38.44523,48.274625],[38.460888,48.272403],[38.560985,48.278862],[38.566256,48.277622],[38.570752,48.274366],[38.576488,48.266305],[38.581139,48.2569],[38.58424,48.246642],[38.588735,48.237108],[38.60429,48.213336],[38.60584,48.210288],[38.607184,48.206954],[38.606564,48.203208],[38.60367,48.195095],[38.601499,48.187033],[38.600983,48.183183],[38.60367,48.179127],[38.609251,48.174993],[38.63049,48.165949],[38.756167,48.134013],[38.814045,48.111431],[38.818075,48.107917],[38.821176,48.103214],[38.822726,48.094274],[38.821331,48.089029],[38.818851,48.084869],[38.810014,48.075464],[38.804898,48.068462],[38.802727,48.064612],[38.801177,48.060555],[38.800247,48.056679],[38.805363,48.050452],[38.814975,48.042985],[38.840141,48.027973],[38.852699,48.022857],[38.86231,48.020118],[38.933676,48.0211],[39.027107,48.006631],[39.031292,48.00105],[39.033773,47.991955],[39.030982,47.958778],[39.031292,47.949838],[39.035788,47.942552],[39.040129,47.938573],[39.044935,47.935679],[39.053668,47.931597],[39.055012,47.923768],[39.055529,47.917386],[39.038114,47.865864],[39.036253,47.857338],[39.03618,47.857003]],"type":"LineString"},"id":"1763286519","properties":{"FCLASS_AR":"Unrecognized","FCLASS_BD":"Unrecognized","FCLASS_BR":"Unrecognized","FCLASS_CN":"Unrecognized","FCLASS_DE":"Unrecognized","FCLASS_EG":"Unrecognized","FCLASS_ES":"Unrecognized","FCLASS_FR":"Unrecognized","FCLASS_GB":"Unrecognized","FCLASS_GR":"Unrecognized","FCLASS_ID":"Unrecognized","FCLASS_IL":"Unrecognized","FCLASS_IN":"Unrecognized","FCLASS_ISO":"Unrecognized","FCLASS_IT":"Unrecognized","FCLASS_JP":"Unrecognized","FCLASS_KO":"Unrecognized","FCLASS_MA":"Unrecognized","FCLASS_NL":"Unrecognized","FCLASS_NP":"Unrecognized","FCLASS_OSM":"Unrecognized","FCLASS_PK":"Unrecognized","FCLASS_PL":"Unrecognized","FCLASS_PS":"Unrecognized","FCLASS_PT":"Unrecognized","FCLASS_RU":"International boundary (verify)","FCLASS_SA":"Unrecognized","FCLASS_SE":"Unrecognized","FCLASS_TLC":null,"FCLASS_TR":"Unrecognized","FCLASS_TW":"Unrecognized","FCLASS_UA":"Unrecognized","FCLASS_US":null,"FCLASS_VN":"Unrecognized","adm0_a3_left":"UKR","adm0_a3_right":"UKR","fclass_ru":"International boundary (verify)","feature_class":"Breakaway","feature_id":"1763286519","name":"Donbass claim","ne_id":"1763286519","note":"(Self admin., Claimed by Ukraine)"},"type":"Feature"},{"geometry":{"coordinates":[[38.304897,48.454663],[38.302138,48.459032],[38.301983,48.466448],[38.302603,48.474096],[38.305394,48.486343],[38.308649,48.494663],[38.311285,48.499521],[38.311905,48.500399],[38.3133,48.5035],[38.315005,48.511096],[38.31485,48.515437],[38.31392,48.520553],[38.310354,48.523498],[38.305238,48.525514],[38.289891,48.527968],[38.277178,48.531612],[38.26674,48.536469],[38.262244,48.540293],[38.260073,48.544272],[38.260383,48.548045],[38.261779,48.552127],[38.268186,48.563961],[38.26984,48.568147],[38.270047,48.573625],[38.267876,48.579826],[38.255732,48.600936],[38.290612,48.644881],[38.326541,48.67274],[38.416944,48.693286],[38.499128,48.689177],[38.581312,48.67274],[38.663496,48.680958],[38.774445,48.705613],[38.827865,48.693286],[38.897721,48.664521],[38.951141,48.631648],[39.019323,48.636506],[39.067139,48.643256],[39.108643,48.650092],[39.116699,48.655951],[39.133398,48.67414],[39.139404,48.678046],[39.160645,48.681513],[39.234116,48.691045],[39.296314,48.67274],[39.357953,48.631648],[39.415481,48.611102],[39.456573,48.582337],[39.512441,48.583178],[39.540039,48.58869],[39.545166,48.588153],[39.554785,48.594599],[39.560547,48.595478],[39.61582,48.586542],[39.63172,48.586906]],"type":"LineString"},"id":"1763286559","properties":{"FCLASS_AR":"Unrecognized","FCLASS_BD":"Unrecognized","FCLASS_BR":"Unrecognized","FCLASS_CN":"Unrecognized","FCLASS_DE":"Unrecognized","FCLASS_EG":"Unrecognized","FCLASS_ES":"Unrecognized","FCLASS_FR":"Unrecognized","FCLASS_GB":"Unrecognized","FCLASS_GR":"Unrecognized","FCLASS_ID":"Unrecognized","FCLASS_IL":"Unrecognized","FCLASS_IN":"Unrecognized","FCLASS_ISO":"Unrecognized","FCLASS_IT":"Unrecognized","FCLASS_JP":"Unrecognized","FCLASS_KO":"Unrecognized","FCLASS_MA":"Unrecognized","FCLASS_NL":"Unrecognized","FCLASS_NP":"Unrecognized","FCLASS_OSM":"Unrecognized","FCLASS_PK":"Unrecognized","FCLASS_PL":"Unrecognized","FCLASS_PS":"Unrecognized","FCLASS_PT":"Unrecognized","FCLASS_RU":"International boundary (verify)","FCLASS_SA":"Unrecognized","FCLASS_SE":"Unrecognized","FCLASS_TLC":null,"FCLASS_TR":"Unrecognized","FCLASS_TW":"Unrecognized","FCLASS_UA":"Unrecognized","FCLASS_US":null,"FCLASS_VN":"Unrecognized","adm0_a3_left":"UKR","adm0_a3_right":"UKR","fclass_ru":"International boundary (verify)","feature_class":"Breakaway","feature_id":"1763286559","name":"Luhansk claim","ne_id":"1763286559","note":"(Self admin., Claimed by Ukraine)"},"type":"Feature"},{"geometry":{"coordinates":[[37.753266,47.075263],[37.771798,47.119459],[37.759471,47.185207],[37.755362,47.246845],[37.757253,47.264917],[37.778312,47.290216],[37.787675,47.306608],[37.784126,47.361903],[37.738925,47.42765],[37.664959,47.501616],[37.595103,47.604346],[37.529355,47.698858],[37.50925,47.762458],[37.500591,47.822134],[37.49331,47.873988],[37.500591,47.924864],[37.53413,47.977213],[37.5781,48.009471],[37.634846,48.030683],[37.709783,48.058982],[37.733333,48.089152],[37.767553,48.188972],[37.770773,48.200187],[37.801215,48.221777],[37.822234,48.243291],[37.838633,48.252725],[37.849874,48.267581],[37.902949,48.326324],[37.959519,48.383421],[38.050646,48.410857],[38.188471,48.433547],[38.304928,48.454614],[38.304897,48.454663]],"type":"LineString"},"id":"1763286563","properties":{"FCLASS_AR":"Unrecognized","FCLASS_BD":"Unrecognized","FCLASS_BR":"Unrecognized","FCLASS_CN":"Unrecognized","FCLASS_DE":"Unrecognized","FCLASS_EG":"Unrecognized","FCLASS_ES":"Unrecognized","FCLASS_FR":"Unrecognized","FCLASS_GB":"Unrecognized","FCLASS_GR":"Unrecognized","FCLASS_ID":"Unrecognized","FCLASS_IL":"Unrecognized","FCLASS_IN":"Unrecognized","FCLASS_ISO":"Unrecognized","FCLASS_IT":"Unrecognized","FCLASS_JP":"Unrecognized","FCLASS_KO":"Unrecognized","FCLASS_MA":"Unrecognized","FCLASS_NL":"Unrecognized","FCLASS_NP":"Unrecognized","FCLASS_OSM":"Unrecognized","FCLASS_PK":"Unrecognized","FCLASS_PL":"Unrecognized","FCLASS_PS":"Unrecognized","FCLASS_PT":"Unrecognized","FCLASS_RU":"International boundary (verify)","FCLASS_SA":"Unrecognized","FCLASS_SE":"Unrecognized","FCLASS_TLC":null,"FCLASS_TR":"Unrecognized","FCLASS_TW":"Unrecognized","FCLASS_UA":"Unrecognized","FCLASS_US":null,"FCLASS_VN":"Unrecognized","adm0_a3_left":"UKR","adm0_a3_right":"UKR","fclass_ru":"International boundary (verify)","feature_class":"Breakaway","feature_id":"1763286563","name":"Donetsk claim","ne_id":"1763286563","note":"(Self admin., Claimed by Ukraine)"},"type":"Feature"}],"name":"central_asia_disputed_lines","type":"FeatureCollection"}
